codice,"nome associazione",sito,comune,cap,provincia,regione,categoria
12,"Centro Parrocchiale San Bellino",http://circolo.sanbellinopd.org/,,,,,0
15,www.coralearmoniamundi.it,http://www.coralearmoniamundi.it,,,,,0
16,"Nuova pagina 2",http://www.artcontroluce.it,,,,,0
20,"Ascoli Piceno Festival musica tradizioni sapori delle Marche",http://www.ascolipicenofestival.com,,,,,1
22,"Associazione Cori dell Toscana",http://www.coritoscana.it,,,,,0
23,"Homepage &mdash; E-R Cultura",http://cultura.regione.emilia-romagna.it,Bologna,40127,BO,EMR,1
24,"Societas Veneta per la storia religiosa",http://digilander.libero.it/societasveneta/,,,,,0
26,"A.S. Comini 1885 Padova Scherma",http://www.ascomini1885.org/,,,,,4
27,"Home - La Musica InternaLa Musica Interna | Promozione, Ricerca, Didattica musicale",http://www.lamusicainterna.it,Bologna,40126,BO,EMR,1
28,"Lanterna Magica",http://www.lanternamagica.org,,,,,1
29,"Sito ufficiale della Provincia di Ravenna	",http://www.provincia.ra.it,Ravenna,48121,RA,EMR,4
30,"Libera Espressione - ASD Libera Espressione",http://www.asdliberaespressione.it/,,,,,4
31,"Home Page",http://www.corosantospirito.it/,Ferrara,44100,FE,EMR,0
32,"La homepage del CORO TRE PINI di Padova",http://www.corotrepini.it,Padova,35123,PD,EMR,1
33,"Headline | La Piazza e Lira",http://www.lapiazzaelira.it,,,,,0
34,"La Prima Web - Eventi Marche - Cultura Marche - Spettacolo Marche - Tempo Libero Marche",http://www.laprimaweb.it,,,,,1
35,"Corpo Libero Padova - Website Network",http://www.corpolibero.org/,,,,,4
36,"Aziende e servizi in Emilia-romagna",http://emilia-romagna.1254.it,Ferrara,44121,FE,EMR,4
37,"Corsi in Italia di formazione gratuiti e per il tempo libero",http://www.corsincitta.it,,,,,1-4
38,"Provincia di Reggio Emilia",http://www.provincia.re.it,"Reggio Emilia",42121,RE,EMR,4
39,"Esedra Don Bosco Skating",http://esedradonboscoskating.blogspot.com,,,,,0
40,untitled,http://www.psicodiscendenza.it/,,,,,0
44,www.psicorporea.it,http://www.psicorporea.it,,,,,0
47,www.latintango.it,http://www.latintango.it,,,,,0
48,asergraf-grafologia.it,http://www.asergraf-grafologia.it/,,,,,1
49,"COLUMNA: associazione socio-culturale italo- romena",http://www.ass-columna.org/,,,,,0
50,"Associazione La Torlonga",http://www.latorlonga.it/,,,,,0
51,"Homepage Associazione Psicologi per i popoli Veneto",http://www.psipopoli-veneto.org,,,,,0
52,www.quantitasqualitatis.it,http://www.quantitasqualitatis.it,,,,,0
54,"Cral Ulss 16 Padova",http://www.cralulss16.it/,,,,,1
56,"Accademia dei Rampanti",http://www.rampanti.org/,,,,,0
57,"Rari Nantes Patavium 1905",http://www.rarinantespatavium.it,,,,,0
58,"Lega Consumatori Veneto | Per uno stile di vita Sobrio e Solidale",http://www.legaconsumatoriveneto.it,,,,,0
61,"Associazione Culturale Balbino del Nunzio",http://www.assbalbinodelnunzio.it/,,,,,4
66,"Home Page Scuola | Scuola di Scienze Umane, Sociali e del Patrimonio culturale",http://www.lettere.unipd.it/cmp,,,,,1
70,"CSI Bologna - Centro Sportivo Italiano Comitato Provinciale di Bologna",http://www.csibologna.it/,Bologna,40132,BO,EMR,1-4
71,"Homepage &mdash; E-R Il portale della Regione Emilia-Romagna",http://www.regione.emilia-romagna.it,Bologna,40127,BO,EMR,1
72,"Asssociazione Insieme",http://www.assinsieme.com,,,,,1
73,www.regione.lombardia.it,http://www.regione.lombardia.it,,,,,0
74,"aff festival internazionale del cinema documentario",http://freddeve.wix.com/remakecccp,,,,,1
75,"A.M. Associazione Miastenia",http://www.assmiastenia.it,,,,,0
77,"Sito ufficiale CTG Centro Turistico Giovanile - VENETO",http://www.ctgveneto.it/,,,,,0
80,"Aziende e servizi Gambettola",http://gambettola.1254.it,Gambettola,56150,FC,EMR,0
81,"Homepage &mdash; E-R Istituto per i beni artistici culturali e naturali",http://ibc.regione.emilia-romagna.it,Bologna,40127,BO,EMR,0
82,"Home Page - CUC CinemaUno",http://www.cuc-cinemauno.it/,,,,,1
83,"IMSLP/Petrucci Music Library: Free Public Domain Sheet Music",http://imslp.org,,,,,0
84,"Cerco Lavoro | una ricerca. tutti i lavori. Indeed",http://it.indeed.com,,,,,0
85,"Associazione Sportiva Cucciolo Sport",http://www.cucciolosport.it,,,,,4
86,www.culturaemusica.it,http://www.culturaemusica.it,,,,,0
87,"Associazione Nazionale Arma di Cavalleria - HOME",http://www.assocavalleria.it,,,,,0
89,"www.associazione-melody.com - Home",http://www.associazione-melody.com,,,,,1
90,Home,http://www.cvpuntamarina.com/,Ravenna,48122,RA,EMR,4
92,"Associazione Andrea Pescia - Per i Bimbi del Brasile",http://www.associazioneandreapescia.org/,,,,,0
93,"Associazione Antigone",http://www.associazioneantigone.it,,,,,0
97,"M.I.CH.A. Scacchi Padova",http://micha-scacchipadova.blogspot.it/,,,,,4
98,mirepiemonte.org,http://mirepiemonte.org,,,,,1
100,"Associazione Diritti Umani - Sviluppo Umano",http://www.associazionedirittiumani.it/,,,,,0
101,www.associazionedragodoro.it,http://www.associazionedragodoro.it,,,,,0
104,"Associazione Culturale InfinitaMente",http://www.associazioneinfinitamente.it/,,,,,1
105,"Scuola Danza Padova - Associazione Diffusione Danza Gestuale",http://www.danzagestuale.it,,,,,1
106,"ALTA: sito ufficiale Associazione Lagunari Truppe Anfibie a cura della Sez. di Bergamo",http://www.associazionelagunari.it,,,,,0
107,"Danzarteatro Ë una scuola di danza | Danzar Teatro",http://www.danzarteatro.com,,,,,1
108,Redirect...,http://www.associazionelinfa.it,,,,,0
111,"ISTITUTO PER I BENI ARTISTICI, CULTURALI E NATURALI",http://rivista.ibc.regione.emilia-romagna.it,Bologna,40127,BO,EMR,0
112,"Homepage &mdash; E-R Scuola",http://scuola.regione.emilia-romagna.it,Bologna,40127,BO,EMR,1-4
113,"Associazione Musicale Lucchese",http://www.associazionemusicalelucchese.it,,,,,1
114,Danzaurbana,http://www.danzaurbana.it,Bologna,40126,BO,EMR,1
115,"Regione Emilia-Romagna &mdash; E-R Sociale",http://sociale.regione.emilia-romagna.it,Bologna,40127,BO,EMR,1-4
116,"Associazione Nemesi",http://www.associazionenemesi.it/,,,,,1
118,"Associazione Pulcino a favore dei bimbi nati prematuramente",http://www.associazionepulcino.it,,,,,0
120,suldivano.org/,http://suldivano.org/,,,,,1
121,"Il sito delle associazioni di Milano e provincia",http://www.associazioni.milano.it,,,,,0
122,"Benvenuto nella nostra realtAA...",http://teniamoci.it/,,,,,0
123,"associ@zionifvg - Il primo motore di ricerca delle organizzazioni e associazioni no profit del Friul",http://www.associazionifvg.it,,,,,0
124,"hacker | Just another WordPress site",http://topfocusmusica.altervista.org/blog/,,,,,0
125,Assonanza,http://www.assonanza.it,Mirandola,41037,MO,EMR,1
127,":: De Musica Onlus ::",http://www.demusicaonlus.it,,,,,1
128,"ASSP Padova - Home page",http://www.assp-padova.it/,,,,,0
129,"ATA.TEATROPADOVA | Associazione Teatro Amatoriale",http://www.atateatropadova.it,,,,,1
130,"Di Architettura | Associazione Culturale Padova",http://www.diarchitettura.org/,,,,,0
132,ATER,http://www.ater.emr.it,Modena,41124,MO,EMR,1
133,":: ATNIC ::",http://www.atnic.it/,,,,,0
134,Home,http://www.divefun.it/,Dozza,40060,BO,EMR,4
135,"360 GRADI Il portale del tempo libero",http://www.360gradi.info,,,,,1-4
136,"Home Page - Anai-it",http://www.autieri.it/,,,,,1
137,www.avamicizia.altervista.org,http://www.avamicizia.altervista.org,,,,,0
140,"Abracalam | Abracalam",http://www.abracalam.org,,,,,1
142,"..:: AVSC.it ::.. Associazione Veneta Scout Cattolici",http://www.avsc.it,,,,,0
144,"[Accademia Galileiana di Scienze Lettere ed Arti in Padova]",http://www.accademiagalileiana.it/,,,,,1
145,"Associazione Dottor Clown Padova | Un giorno senza un sorriso AA un giorno perso!",http://www.dottorclownpadova.org,,,,,0
148,"IN EVIDENZA - ACS - Associazione di Cooperazione e SolidarietAA",http://www.acs-italia.it/,,,,,0
149,www.acsipadova.it,http://www.acsipadova.it/,,,,,0
153,"EcoVeneto, Veneto, Eco del Veneto, Veneto On Line, Regione Veneto, Veneto Notizie, Veneto News, Ulti",http://www.ecoveneto.it,,,,,0
157,www.aeapd.it/,http://www.aeapd.it/,,,,,0
158,"Gruppo Fotografico Antenore | Il sito e il blog della fotografia a Padova",http://www.fotoantenore.org,,,,,0
161,"They call it Europe... we call it home!",http://www.aegeepadova.org,,,,,1-4
163,"Freedom for Children",http://www.freedomforchildren.org/,,,,,0
164,"A.E.R.CO. - Associazione Emiliano-Romagnola Cori",http://www.aerco.it/,,,,,0
166,"AFASIA &#8211; Volontari veneti A.IT.A &#8211; Padova",http://www.afasiavolontarivenetiaita.it/,,,,,0
167,"Document sans nom",http://www.musicaanticamagnano.com,,,,,1
168,"BuonaCausa.org - raccolte fondi, fundraising, crowdfunding, appelli e attivismo online",http://www.buonacausa.org,,,,,0
169,"AFIC - Associazione Festival Italiani di Cinema",http://www.aficfestival.it,,,,,1
170,"Free Software Users Group Padova ª Associazione di Promozione Sociale",http://www.fsugpadova.org,,,,,0
171,Home,http://www.cadelfa.it,,,,,0
173,"Entra nel Sito",http://www.agdpadova.it/,,,,,0
174,"Scuola di Musicoterapia - Home",http://www.scuoladimusicoterapia.it,,,,,1
175,"Scuola di Teatro di Bologna 'Alessandra Galante Garrone'",http://www.scuoladiteatrodibologna.it,,,,,1
178,"HOME - GenerAZIONI Solidali Padova",http://www.generazionisolidali.org/,,,,,1-4
181,"Musicaficta | Star of the music universe!",http://www.musicaficta.org,,,,,1
183,www.agenziaentrate.gov.it,http://www.agenziaentrate.gov.it,,,,,0
185,"Associazione culturale Musica Aperta di Milano - Scuola di musica per adulti, corsi e lezioni di mus",http://www.musicaperta.it,,,,,1
186,"Ghosts Hockey Padova",http://www.ghostshockey.it/,,,,,0
188,"Associazione Culturale MusicaVenezia",http://www.musicavenezia.org,,,,,1
189,www.musicaventunesimo.it,http://www.musicaventunesimo.it,,,,,1
191,"Agriturismi Emilia Romagna | Agriturst er",http://www.agriturist-er.it,,,,,1
193,"Mystartpage.it - Web directory dei migliori siti web.",http://www.mystartpage.it,,,,,1-4
194,"Agronomi e Forestali Senza Frontiere",http://www.agronomisenzafrontiere.it/,,,,,0
195,"Asd Calcio Veneto For Disable",http://www.calciovenetofd.it/,,,,,4
196,"Associazione Alpinistica GIOVANE MONTAGNA - Sito nazionale - Alpinismo, escursionismo, sci alpinismo",http://www.giovanemontagna.org,,,,,0
198,"HOME - A.S.D. Gregorense Trinitas",http://www.gregorense.com/,,,,,4
200,"AINP &#8211; Onlus | Associazione Italiana Neuropatie Periferiche",http://www.neuropatia.it/,,,,,0
201,"Cambioscena - Home",http://www.cambioscena.com/,,,,,1
203,"Locali, Serate ed Eventi nelle Marche - Seratiamo",http://www.seratiamo.it,,,,,0
204,"home | noiassociazione.org",http://www.noiassociazione.org,,,,,1
205,www.gruppiarcheologicidelveneto.it,http://www.gruppiarcheologicidelveneto.it,,,,,0
207,"Noi Padova | Associazioni Circoli ed Oratori",http://www.noipadova.it,,,,,1-4
209,"Home page - Associazioni no Profit: il portale al servizio delle associazioni",http://www.nonprofit.viainternet.org,,,,,1-4
210,"Gruppo Cinofilo Il Gelso",http://www.gruppocinofiloilgelso.it,,,,,0
215,"www.noprofit.org - Il sito del no profit italiano",http://www.noprofit.org,,,,,0
216,"Lo Scarpone",http://www.gruppoloscarponepadova.it/,,,,,0
217,"Nordic Walking Padova: Associazione Nuovi Sentieri",http://www.nordicwalkingpadova.it/,,,,,4
219,"Shinynote - Cambiamo il mondo una storia alla volta",http://www.shinynote.com,,,,,0
220,"Camera Minorile di Padova	",http://www.cameraminorilepadova.it/,,,,,0
221,"AICA - Accademia Internazionale della Cultura e delle Arti | home†|†Keyword",http://www.aicaweb.it,,,,,1
223,www.heritageforum.org,http://www.heritageforum.org,,,,,0
224,"Nordic Walking Patavium",http://www.nordicwalkingpd.altervista.org/,,,,,0
225,"Human Rights Awareness",http://www.hrawareness.org,,,,,0
226,"Il tuo matrimonio su Nozzeclick | Nozzeclick",http://www.nozzeclick.com,,,,,0
227,"Cantieri d&#039;Ottobre | Se non siete come tutti gli altri, mostratelo",http://www.cantieridottobre.com/,,,,,1
228,"Syndrome EEC International",http://www.sindrome-eec.it/,,,,,0
231,"Accademia Aikido Shochikubai",http://www.aikidopadova.com/,,,,,4
233,AIMI,http://www.aimi-musica.org,,,,,1
234,"Officine Espressive | the world inside you",http://www.officinespressive.it/,,,,,1
235,www.capitpadova.it,http://www.capitpadova.it,,,,,0
236,"Oikos-Bios luogo di Ascolto per pazienti oncologici",http://www.oikos-bios.org,,,,,0
237,"i Carichi Sospesi",http://www.carichisospesi.com,,,,,1
238,"Carla Stella",http://www.carlastella.it/,,,,,1
239,"Home Page Istituto per i beni musicali in piemonte",http://www.ibmp.it,,,,,1
241,Sismpadova.org,http://www.sismpadova.org,,,,,0
242,"www.casettamichelino.it - Casetta Michelino",http://www.casettamichelino.it/,,,,,4
243,"icaro-ldv.org - sito Associazione Icaro liberi di volare Onlus",http://www.icaro-ldv.org,,,,,0
244,"Soroptimist International Padova - sito ufficiale del Soroptimist club di Padova",http://www.soroptimistpadova.it/,,,,,0
245,www.icinqueelementi.com,http://www.icinqueelementi.com,,,,,0
246,www.sosafrica-pd.org,http://www.sosafrica-pd.org,,,,,0
247,"ICIT - Istituto di Cultura Italo-Tedesco - La scuola di tedesco a Padova: Corsi di Tedesco - Lingua ",http://www.icit.it,,,,,0
248,"Casting provini e informazioni per lavorare nello spettacolo | www.castingeprovini.com",http://www.castingeprovini.com,,,,,1
249,"oltre lo sport",http://www.oltrelosport-padova.it,,,,,4
251,ifeditalia,http://www.ifeditalia.org/,,,,,0
253,www.olympiavolley.com,http://www.olympiavolley.com,,,,,0
257,"AICA - Accademia Internazionale della Cultura e delle Arti | home†|†Keyword",http://www.orchestragiovaniledelveneto.it,,,,,1
258,ilnotesmagico,http://www.ilnotesmagico.it,,,,,1
259,"Monitoraggio Spettacolo Veneto",http://www.osservatoriospettacoloveneto.it,,,,,1
260,Home,http://www.aipp.eu/home,,,,,0
262,"A.I.T.Sa.M. Onlus - Associazione Italiana Tutela Salute Mentale",http://www.aitsam.it,,,,,1
263,"Imola Vivere la Musica ª L&#039;offerta musicale dell&#039;area imolese	",http://www.imolaviverelamusica.it,,,,,1
264,"Circolo Overlord &#8211; Padova: giochi da tavolo, giochi di ruolo, strategia e simulazione - Circol",http://www.overlord.it,,,,,0
266,"IMPRESA ITALIA - IL PORTALE DELLE IMPRESE ITALIANE",http://www.impresaitalia.info,,,,,0
267,"Al-Anon/Alateen Italia",http://www.al-anon.it,,,,,0
268,"I Musici Patavini - HOME",http://www.imusicipatavini.it,,,,,1
269,"Concerti e Locali | In-Giro.net",http://www.in-giro.net,,,,,1
271,..::PADOVADANZA:::.,http://www.padovadanza.it,,,,,1-4
272,"Homepage | Incontragiovani Roma",http://www.incontragiovani.it,,,,,1-4
275,"Alliance FranAAaise di Padova ª HOME",http://www.alliancefr.pd.it/,,,,,1
276,"Informagiovani Ferrara | Home | informagiovani.fe.it",http://www.informagiovani.fe.it,Ferrara,44121,FE,EMR,1
277,HOME,http://www.informagiovanni.it,,,,,1
279,"Altragricoltura Nord Est - Official site",http://www.altragricolturanordest.it/,,,,,0
280,www.altrimentimusicali.org,http://www.altrimentimusicali.org/,,,,,0
281,"Associazione ""INGHETTO""",http://www.inghetto.it,,,,,0
282,"Homepage - Intercultura",http://www.intercultura.it,,,,,0
283,"PadovaDonne | L&#039;informazione al femminile",http://www.padovadonne.it/,,,,,1
285,"Padova Jazz - Home",http://www.padovajazz.com,,,,,0
286,"Interensemble Home Page",http://www.interensemble.it,,,,,0
287,"Associazione Musicale Anton Diabelli - Padova - Home",http://www.amad.it,,,,,1
288,"Gruppo AMB di Padova",http://www.ambpadova.it/,,,,,0
291,"Insieme per la qualitA della vita",http://www.iqvpd.it/,,,,,1
292,"irfoss.it | Istituto Ricerca e Formazione nelle Scienze Sociali",http://www.irfoss.it/,,,,,0
293,"Padova Ricama",http://www.padovaricamalarte.it/,,,,,1
295,"Amici dei Popoli Padova | Associazione di volontariato",http://www.amicideipopolipadova.it/,,,,,1
298,"Amici della Musica Palermo",http://www.amicidellamusicapalermo.it,,,,,1
299,"Spazio Con Tatto - Chi siamo",http://www.spaziocontatto.net/,,,,,4
301,Home,http://www.stagionearmonica.it,,,,,0
303,"A.M.I.C.I. Veneto",http://www.amiciitalia.org/veneto,,,,,0
304,www.palioarcella.it,http://www.palioarcella.it,,,,,1
305,"Stones Bike - I Cimosai - Squadra Corse",http://www.stonesbike.it/,,,,,0
309,"Istituto Internazionale per la Ricerca Teatrale sede casa di Carlo Goldoni - Venezia",http://www.istitutointernazionaleperlaricercateatrale.it,,,,,1
312,"Prima Pagina :: Il pane e le rose - classe capitale e partito",http://www.pane-rose.it,,,,,4
314,studirosacrociani.com,http://www.studirosacrociani.com,,,,,0
315,www.ammi-italia.com,http://www.ammi-italia.com,,,,,0
316,www.amnc.it,http://www.amnc.it,,,,,0
317,"Jardin de los ninos",http://www.jardin.it/,,,,,0
320,"Corsi di Tai Chi Chuan a Padova del Masetro Xu Xin",http://www.taichi-wudang.com/,,,,,0
321,"JIN KARATE MAKOTOKAI - ARTI MARZIALI PADOVA MAKOTOKAI SAIKOURITSU NO UGOKI KARATE DO",http://www.jindojo.it,,,,,1-4
325,"Jonas Onlus. Centro di cura anoressia, bulimia, attacchi di panico, depressione.",http://www.jonasonlus.it/,,,,,0
328,"Tappeto Volante Padova | Tappeto Volante Padova &#8211; Culture in ballo",http://www.tappetovolantepadova.com,,,,,1-4
329,"Corsi Joomla Gratis in Veneto - Joomla Veneto",http://www.joomlaveneto.org/,,,,,0
330,www.centrodipsicomotricitarelazionale.it,http://www.centrodipsicomotricitarelazionale.it/,,,,,0
332,"Pagina di Benvenuto - ANFFAS ONLUS PADOVA",http://www.anffaspadova.it/,,,,,0
333,"Centro Documentazione Donna ""Lidia Crepet""",http://www.centrolidiacrepet.it,,,,,1
334,"Karibu Afrika Onlus",http://www.karibuafrika.it,,,,,4
335,"Home - Tara Cittamani	",http://www.taracittamani.it,,,,,0
337,"Associazione Musicale Angelo Mariani",http://www.angelomariani.org,,,,,1
338,"Centro Studi Teatrali Tito Livio",http://www.centrostuditeatralititolivio.it,,,,,0
340,"Centro Ottava - Scuola professionale di musica &#8211; Roma",http://www.centrottava.it,,,,,1
343,www.cesp-pd.it,http://www.cesp-pd.it,,,,,0
344,"Team for Children onlus - IL NOSTRO IMPEGNO NEL SORRISO DI UN BAMBINO",http://www.teamforchildren.it,,,,,1-4
345,"TeamPhotoTravel - Home",http://www.teamphototravel.it/,,,,,1
346,"Pari e uguali",http://www.parieuguali.it,,,,,0
349,"ParmaSub - News",http://www.parmasub.it/news.php,,,,,4
350,CICAP,http://www.cicap.org,,,,,0
351,"Associazione Nazionale Maestri di Ballo",http://www.anmb.net,Modena,41126,MO,EMR,1
354,"CIN CENTRO INIZIATIVE NUOVE",http://www.cin-padova.it,,,,,0
357,"Anpi Padova",http://www.anpi-padova.it/,,,,,0
358,"AntAAros &#8211; Associazione Gay Lesbica Bisessuale Transessuale Padova AntAAros - Associazione Gay",http://www.anterospadova.it/,,,,,1-4
359,"PeaceLink - Homepage",http://www.peacelink.it,,,,,0
360,"Teatro Ai Colli",http://www.teatroaicolli.com/,,,,,1
361,"Teatro Bonci",http://www.teatrobonci.it,,,,,1
364,www.perilmondo.org,http://www.perilmondo.org,,,,,0
365,"Pe.R. Me. | [Persona][Relazioni][Mediazione]",http://www.perme.info/,,,,,0
366,"Teatro Carcere Emilia Romagna",http://www.teatrocarcere-emiliaromagna.it,,,,,1
368,www.perunanuovavita.org,http://www.perunanuovavita.org,,,,,0
369,Home,http://www.perunsorriso.com,,,,,0
370,"Pet Project - Pet Therapy, Educazione Cinofila, Istruzione Cinofila",http://www.petproject.it,,,,,0
373,"Rete Anticorpi",http://www.anticorpi.org,,,,,1
374,"Teatro a Padova, spettacoli, rassegne, corsi | Teatro de LiNUTILE",http://www.teatrodelinutile.com/,,,,,1
375,www.teatrodellagranguardia.it,http://www.teatrodellagranguardia.it,,,,,0
376,"Anec Home page",http://www.cineweb-er.com,,,,,0
377,"Petrarca Scherma",http://www.petrarcascherma.it,,,,,4
378,"Centro Giovanile Antonianum",http://www.antonianum.info/,,,,,4
381,"ApneaBlukad -",http://www.apneablukad.it/,,,,,0
384,"Circolo della lirica",http://www.circolodellalirica.it,,,,,1
387,"Teatro invisibile",http://www.teatroinvisibile.it,,,,,1
390,"Circolo Amici della musica G. Frescobaldi - Ferrara",http://www.circolofrescobaldi.it/,,,,,1
391,"Point Ticket - Biglietti per Teatro, Concerti, Cinema, Parchi, Mostre, Musei, Eventi Sportivi",http://www.pointticket.it,,,,,1-4
392,"ArcaDiNoi Homepage",http://www.arcadinoi.org,,,,,0
393,"Teatro Laterale",http://www.teatrolaterale.it,,,,,0
394,"Circolo Santa Cecilia Padova",http://www.circolosantaceciliapd.it,,,,,1
395,"Teatro Necessario",http://www.teatronecessario.it/,Colorno,43052,PR,EMR,1
396,"Polisportiva Brentella",http://www.polisbrentella.it,,,,,0
399,"Teatro Nucleo | Centro Produzione e ricerca teatrale",http://www.teatronucleo.org,Ferrara,44123,FE,EMR,1
400,"archibiodesign :: Home",http://www.archibiodesign.org,,,,,0
401,HOME,http://www.teatropopolare.org,,,,,1
402,www.arciconfraternitasantantonio.org,http://www.arciconfraternitasantantonio.org,,,,,0
403,"Popoli Insieme | associazione di volontariato a Padova",http://www.popolinsieme.eu,,,,,1
404,www.poste-impresa.it,http://www.poste-impresa.it,,,,,0
405,"Compagnia Arcieri Padovani",http://www.arcieripadovani.com,,,,,0
406,"Benvenuto in prima pagina",http://www.terepia.org,,,,,1
407,"Studi professionali e professionisti italiani: avvocati, commercialisti, architetti",http://www.professionisti.it,,,,,0
408,cittAA&partecipazione,http://www.cittaepartecipazione.it,,,,,0
409,"The Andromeda Society | Associazione Culturale, dal 1997",http://www.theandromedasociety.org,,,,,0
412,"Associazione Tommaso Pengo",http://www.tommasopengo.org,,,,,4
414,"Benvenuto in ARI Padova",http://www.aripadova.it/,,,,,1
416,"Progetto Mattone Internazionale - ULSS 10 Veneto Orientale",http://www.progettomattoneinternazionale.it,,,,,0
417,"ÂAA‰AA | ÁAA„AAÁAAÁAA„AAÊAAÂAA„AA„AA„AA„AAÂAAÈAAÂAA„AAÊAAËAA„AAËAA„AA„AA",http://www.tonicorti.org,,,,,0
419,"Compagnia della Torlonga - Spettacoli di combattimento medievale e corsi di scherma storica in Padov",http://www.torlonga.it/,,,,,1
421,www.tycoon.pd.it,http://www.tycoon.pd.it,,,,,0
422,"home &#8212; Comunit‡ per le Libere Attivit‡ Culturali",http://www.clacpd.org,,,,,1
424,"Club Ignoranti",http://www.clubignoranti.it,,,,,1
429,"Balletto.net - il giornale della danza",http://www.balletto.net,,,,,1
431,"Collegio degli Ingegneri della Provincia di Padova",http://www.collegioingegneripadova.it,,,,,0
432,"BALLILATINI.IT - La Salsa in Italia! Musica e ballo latino americano caraibico",http://www.ballilatini.it,,,,,1
433,lesbasbleu,http://www.basbleu.it/,,,,,1
436,"Associazione UNICA TERRA",http://www.unicaterra.it/,,,,,0
437,www.unipd-org.it/ARCS,http://www.unipd-org.it/ARCS,,,,,0
438,BashuCreativa,http://www.bashu.org,,,,,1
439,,http://www.unmspd.org,,,,,0
440,"Cappella Musicale della Beata Vergine",http://www.beatavergine.org,,,,,1
441,www.beati.org,http://www.beati.org,,,,,0
442,Bel.Teatro,http://www.belteatro.it,,,,,1
443,"Bethania Hospital Services AsMT - Chi siamo",http://www.bethaniahospitalservicesasmt.org,,,,,0
444,"BIBLIOTECA dello SPORT di PADOVA",http://www.bibliotecadellosport.it,,,,,4
446,usdsalboro.it,http://www.usdsalboro.it,,,,,0
448,"Us Juvenilia BP | Sito Ufficiale della Juvenilia B.P. di Padova",http://www.usjuvenilia.it,,,,,0
449,"BlueCommunity - Elenco artisti, professionisti, aziende, Enti, eventi: Musica, Spettacolo, Arte visi",http://www.bluecommunity.it,,,,,1
450,"Borgo Altinate",http://www.borgoaltinate.it/,,,,,0
451,"Unione Sportiva Torre",http://www.ustorre.org/,,,,,4
452,"Valide Alternative",http://www.validealternative.com/,,,,,4
453,"VALSESIA MUSICA",http://www.valsesiamusica.com,,,,,1
454,www.valsuganarugby.it,http://www.valsuganarugby.it,,,,,0
456,www.veladriatico.it,http://www.veladriatico.it,,,,,0
457,"Veneto Factory | Musica | Video | Teatro | Danza | Creazioni | Eventi",http://www.venetofactory.com,,,,,1
458,"Untitled Document",http://www.ruzzantini.it,,,,,0
459,home,http://www.momentosdealegria.org/,,,,,0
460,"Associazione Mondo Immigrati Padova",http://www.mondoimmigrati.com/,,,,,4
462,www.sanpiox.org,http://www.sanpiox.org,,,,,0
463,"Benvenuti nel sito mopl.it",http://www.mopl.it,,,,,4
464,"Benvenuti nel sito ufficiale di Federdanza - AGIS",http://www.federdanza-agis.org,,,,,1-4
465,"FIDS - Federazione Italiana Danza Sportiva",http://www.federdanza.it,,,,,1-4
466,"Tennistavolo Padova Mortise Duemila",http://www.mortise2000.it/,,,,,4
467,"Centro per la MINDFULNESS in Italia ‚AA MOTUS MUNDI",http://www.motusmundi.it/,,,,,1-4
468,Home,http://www.felixefido.it,,,,,0
469,www.muradipadova.it,http://www.muradipadova.it,,,,,0
470,"LILT - Sezione Padova",http://www.liltpadova.it/,,,,,0
472,MACINE,http://www.macine.net,,,,,1
477,"Associazione di volontariato Marcellino Vais O.N.L.U.S",http://www.marcellinovais.it,,,,,1-4
479,"Marche Jazz Network",http://www.marchejazznetwork.it,,,,,1
483,Home,http://www.midasemiliaromagna.it,,,,,1-4
484,"Mideando String Quintet",http://www.mideando.it,,,,,1
487,"Associazione Culturale MOMART MOstra Mercato degli ARTisti di Padova",http://www.momart.padova.it,,,,,0
488,"Museo dei Bambini di Padova",http://www.musbapa.it/,,,,,0
490,"Music Marche Accordions",http://www.music-marche.com,,,,,0
491,ERTGIOVANI.COM,http://www.ertgiovani.com,,,,,1
492,"302 Found",http://www.vippadova.org,,,,,0
493,"Festival Internazionale Del Cinema Povero",http://www.festivaldelcinemapovero.com,,,,,1
494,ESN-Padova,http://www.esnpadova.it,,,,,0
495,"Vivi-Amo Villa Breda",http://www.vivi-amovillabreda.blogspot.it/,,,,,0
497,"Benvenuto in FIDAS Padova",http://www.fidaspadova.it,,,,,4
498,"Hotel Rimini: Hotel Riviera Romagnola All Inclusive",http://www.riminibeach.it,,,,,1-4
499,"Associazione Ed allora sarA sempre festa per te - Home Page",http://www.festaperte.org/,,,,,1-4
500,"Tutti i film al Cinema in Tv, Dvd. Trova lista nuovi film trailer, recensioni - Film.it",http://www.film.it,,,,,1
501,"Flauto Magico - Index",http://www.flautomagico.it,Formigine,41043,MO,EMR,1
502,"Fondazione Baccicchetti per la Sindrome di Down | Fondazione Baccichetti",http://www.fondazionebaccichetti.it,,,,,0
505,Ritmolandia,http://www.ritmolandia.it,,,,,1
507,"Ente Nazionale Protezione Animali",http://www.enpa.it,,,,,0
508,"Festa dei Popoli",http://www.festadeipopoli.it,,,,,1
509,FESTA_EUROPEA_DELLA_MUSICA,http://www.festaeuropeadellamusica.it/,,,,,1
511,"River Film Festival | RFF",http://www.riverfilmfestival.org/,,,,,1
513,"†Home†|† VolontA di vivere",http://www.volontadivivere.org,,,,,0
514,"Associazione Culturale e Sportiva, CircoliPrivati, Club",http://www.entes.it,,,,,1-4
516,Lies,http://www.estnord.it/lies/,,,,,1
517,"Associazione YaBasta",http://www.yabasta.it/,,,,,1
520,"EVENTI PADOVA E OLTRE - HOME PAGE",http://www.eventipadovaeoltre.org/,,,,,0
523,"Ferraraitalia.it - Quotidiano di Ferrara - l&#039;informazione verticale",http://www.ferraraitalia.it,,,,,1-4
524,"ZENSKY-PADOVA FEMMINILE :: Calcio Femminile Padova :: Serie B Veneto",http://www.zenskypadovafemminile.it,,,,,4
525,"Zoo Contenitori Culturali",http://www.zoo-arcipd.it/,,,,,1
526,"Ferrara Musica: Le Ultime NovitA",http://www.ferraramusica.it/,Ferrara,44121,FE,EMR,1
531,Home,http://www.enars.it/,,,,,0
533,"Rete del Non Profit della Provincia di Firenze - Home page",http://www.retenoprofit.it,,,,,0
534,"Risorsa LongevitAA",http://www.risorsalongevita.org/,,,,,4
535,"Ristretti Orizzonti. Sito di cultura e informazione dal carcere",http://www.ristretti.it,,,,,0
536,"VIE Festival Modena - dal 9 al 25 ottobre 2014",http://www.viefestivalmodena.com,,,,,1-4
538,"Emilia Romagna Teatro Fondazione - Modena",http://www.emiliaromagnateatro.com/,Modena,41124,MO,EMR,1
540,index.jpg,http://www.emozionincanto.it/,,,,,0
542,"Sito Ufficiale del Comune di Russi",http://www.comune.russi.ra.it,,,,,1-4
543,"Emilia Romagna Teatro Fondazione - Modena",http://www.emiliaromagnateatro.com,Modena,41124,MO,EMR,1
544,"Comune di Rimini",http://www.comune.rimini.it,Rimini,47921,RN,EMR,1-4
546,"homepage &mdash; Rete Civica Monet",http://www.comune.modena.it,Modena,41121,MO,EMR,4
547,"Retecivica del Comune di Trieste",http://www.retecivica.trieste.it,,,,,1-4
548,"Benvenuto in Emergency Padova",http://www.emergencypadova.altervista.org/,,,,,1
549,"LibertA e Giustizia",http://www.libertaegiustizia.it,,,,,0
551,"ComunitA MaranAA-tha - Chi siamo",http://www.maranacom.it,,,,,0
552,"Associazione Mondo Giovane",http://www.mondogiovane.com,,,,,0
553,"l&#039;Ausilioteca di Bologna: chi siamo | ausilioteca",http://www.ausilioteca.org/,Bologna,40123,BO,EMR,0
554,Arap.it,http://www.arap.it/,,,,,0
555,Redirect...,http://www.asmer.org,,,,,0
557,filodarianna,http://www.filodarianna.net,,,,,0
558,"Fondazione ASPHI onlus | Information & Communication Technology per migliorare la qualitA di vita de",http://www.asphi.it/,,,,,0
559,ass.it,http://www.ass.it,,,,,0
560,"Agenzia Ambiente e Cultura di Bologna",http://agenzia.8m.com/,Monghidoro,40063,BO,EMR,0
561,Benvenuto!,http://www.assisla.it,,,,,4
562,"Corsi di floriterapia, scuola di floriterapia, corsi di fiori di bach, corso di floriterapia, corso ",http://www.floriterapia.org,,,,,0
563,"ecoturismo supereva",http://ecoturismo.supereva.it,,,,,0
564,Homepage,http://sarcoidosi.org,,,,,0
565,"Dal 1972 nel Mondo per Vincere Fame e PovertA - Cefa Onlus",http://www.cefaonlus.it,Bologna,40122,BO,EMR,1
567,"Accaparlante e Centro Documentazione Handicap",http://www.accaparlante.it/,Bologna,40127,BO,EMR,4
568,www.cenresig.org,http://www.cenresig.org,,,,,0
569,"Amicit - Associazione Medica Italiana Colon Idro Terapia",http://www.idrocolon.it/,,,,,0
570,"*** BENVENUTI IN ASSOCIAZIONE AIP ***",http://www.associazioneaip.org,Bologna,40121,BO,EMR,0
571,www.associazioneilrifugio.it/,http://www.associazioneilrifugio.it/,,,,,0
572,"Afroeira - Accademia do ritmo - Orchestra di Percussioni - Banda e Scuola di Samba, Percussioni bras",http://www.afroeira.com/,,,,,1-4
573,"Benvenuti nel Club del Gatto Certosino",http://www.certosinoclub.it/,,,,,0
574,"Documento senza titolo",http://www.circolosardegna.bo.it,,,,,0
575,www.csassociazione.it,http://www.csassociazione.it,,,,,0
576,"AIAS Bologna Onlus",http://www.aiasbo.it/,Bologna,40139,BO,EMR,0
577,"Associazione Astrofili Imolesi",http://www.astrofiliimolesi.it/,Imola,40026,BO,EMR,0
578,"il martin pescatore - Home",http://www.ilmartinpescatore.org,Argelato,40050,BO,EMR,1
579,www.itacomm.net/PH,http://www.itacomm.net/PH,,,,,0
580,"La Nostra Africa - Homepage",http://www.lanostraafrica.it,,,,,0
581,"EMI Editrice Missionaria Italiana, vendita libri online, ebook, libri religiosi, libri missionari, e",http://www.emi.it,Bologna,40128,BO,EMR,0
582,"HOME Ass.ne EmporiumOpera - EmporiumOpera",http://www.emporiumopera.it,,,,,1
583,"Cooperativa Sociale SocietA Dolce |",http://www.societadolce.it/,Bologna,40133,BO,EMR,0
584,"AIFO - Oltre la lebbra, per i diritti degli ultimi. Dal 1961. - AIFO",http://www.aifo.it/,Bologna,40135,BO,EMR,4
585,"SOGNAMONDO - Vacanze naturali alternative con cucina biologica",http://www.sognamondo.it,"Casalecchio di Reno",40033,BO,EMR,0
586,"Cooperativa sociale AAncora",http://www.ancoraservizi.it,Bologna,40127,BO,EMR,1
587,"ASSOCIAZIONE NAZIONALE PUBBLICHE ASSISTENZE - Comitato Regionale Emilia-Romagna",http://www.anpasemiliaromagna.org/,Bologna,40131,BO,EMR,0
588,"Associazione Culturale Via De Poeti",http://www.viadepoeti.it,,,,,1
589,Redirect...,http://www.perluca.it/,,,,,0
590,asat,http://www.casagianni.net/Casa_Gianni/ASAT.html,Bologna,40139,BO,EMR,0
591,"Cooperativa Quinto Angolo - Cooperativa Quinto angolo",http://cooperativaquintoangolo.jimdo.com/,Bologna,40124,BO,EMR,4
592,Home,http://energym.info/site/,Bologna,40138,BO,EMR,4
593,"Manutenzione e Gestione Verde Pubblico e Privato in Bologna e provincia",http://ilbaobab.com/,Bologna,40132,BO,EMR,0
594,"Global Aid | Working for better health",http://www.globalaid.it,"Granarolo dell'Emilia",40057,BO,EMR,0
595,www.gruppoceis.org,http://www.gruppoceis.org,,,,,0
596,"Il Bosco Soc.Coop.Sociale ONLUS - Via Montericco 5/A Imola (Bologna)",http://www.ilbosco.net/,,,,,1
597,"Home Page - Cim - Cooperativa di solidarietA sociale",http://www.cimcoop.it/,Bologna,40132,BO,EMR,0
598,"Cooperativa Sociale ‚AAIl Pellicano‚AA - Home page",http://www.coopilpellicano.org,Bologna,40138,BO,EMR,0
599,"Teatro dell&#039;Argine",http://teatrodellargine.org/,"San Lazzaro di Savena",40068,BO,EMR,1
600,".:coop LA STRADA:.",http://www.cooplastrada.it/,Bologna,40129,BO,EMR,0
601,"il Mosaico Cooperativa Sociale e Culturale",http://www.ilmosaicocooperativa.com/,Mordano,56512,BO,EMR,1
602,"SIC - Consorzio di Iniziative Sociali",http://www.consorziosic.it/,Bologna,40138,BO,EMR,4
603,"Abantu - Cooperativa sociale",http://www.coopabantu.it/,"Sasso Marconi",40037,BO,EMR,0
604,"Cooperativa Sociale Oasis",http://www.coopoasis.com/,Bologna,40121,BO,EMR,0
605,"Istituto Ramazzini - Centro di Ricerca Sul Cancro e le Malattie Ambientali",http://www.ramazzini.org/,Bologna,40138,BO,EMR,0
606,altercoop,http://www.altercoop.it/,Bologna,40138,BO,EMR,0
607,"Imola Abbraccio Solidale ª L&#039;anima solidale della cittA di Imola	",http://www.imolabbracciosolidale.it/,,,,,1-4
608,"Associazione Alzheimer Imola",http://www.alzheimerimola.it/,,,,,4
609,Home,http://www.scoiattolo.org/,"Sasso Marconi",40037,BO,EMR,1
610,"Cooperativa Sociale Anima",http://www.coopsocialeanima.it/,"Sala Bolognese",40010,BO,EMR,0
611,"Documento senza titolo",http://www.seacoop.coop,Imola,40026,BO,EMR,0
612,"In Formazione - organizzazione corsi, crescita personale, progetti formativi, cultura e benessere a ",http://www.in-formazione.org/,Medicina,40059,BO,EMR,0
613,"Sollievo - SocietA Cooperativa Sociale - Homepage",http://www.coopsollievo.it/,Bologna,40138,BO,EMR,1
614,"Cooperativa sociale AAncora",http://www.ancoraservizi.it/,Bologna,40127,BO,EMR,1
615,Home,http://www.coopada.it/,Bologna,40122,BO,EMR,0
616,Home,http://www.copaps.it/,"Sasso Marconi",40037,BO,EMR,0
617,Home,http://www.coopagriverde.it,"San Lazzaro di Savena",40068,BO,EMR,0
618,home,http://www.insiemeper.bo.it/,Bologna,40138,BO,EMR,1
619,"Croce Servizi - Cooperativa Sociale - Home",http://www.croceservizi.com/,"Casalecchio di Reno",40033,BO,EMR,0
620,"SocietA Aperta",http://www.societaaperta.info/,Bologna,40133,BO,EMR,0
621,"Inventatempo InventaTempo Coop. Sociale ONLUS di San Giovanni in Persiceto",http://www.inventatempo.it/,"San Giovanni in Persiceto",40017,BO,EMR,1
622,"Andy Cooper, Societ‡ Cooperativa Sociale",http://www.andycooper.it,Bologna,40137,BO,EMR,0
623,Croceverde,http://www.croceverdeer.com,Bologna,40138,BO,EMR,4
624,Home,http://www.arcoiriscoop.it/,"Pieve di Cento",40066,BO,EMR,1-4
625,"Solco Imola | Consorzio di cooperative sociali Imola",http://www.solcoimola.it/,Imola,40026,BO,EMR,0
626,"Csapsa | Centro Studi Analisi di Psicologia e Sociologia Applicate",http://www.csapsa.it/1/,Bologna,40126,BO,EMR,0
627,"Home Page - AssCoop",http://www.ass-coop.it,Bologna,40121,BO,EMR,0
628,"Associazione Laerte Poletti",http://www.associazionelaertepoletti.org,,,,,1
629,"Home - Coopas",http://www.coopas.it/,"Sasso Marconi",40037,BO,EMR,1
630,Home,http://www.solcoinsieme.coop/,"Zola Predosa",40069,BO,EMR,0
631,"Centro di Riabilitazione AXIA",http://www.coopaxia.it/index.php,Bologna,40133,BO,EMR,0
632,"Inserisci qua un titolo in caso che la pagina non abbia un titolo",http://www.solidarietafamiliare.it/home_page.asp,Bologna,40123,BO,EMR,0
633,"COOPERATIVA DAI CROCICCHI",http://www.daicrocicchi.coop/,"Zola Predosa",40069,BO,EMR,0
634,"Banco Artigiano delle arti e dei mestieri: prodotti fatti a mano.",http://www.bancoartigiano.com/,,,,,4
635,".:: Teatro delle Temperie ::.",http://www.teatrodelletemperie.com/site/,Crespellano,40056,BO,EMR,1
636,Ecotronic,http://www.ecotronic.it,Castenaso,40055,BO,EMR,0
637,"Croce Azzurra Coop Sociale Onlus Bologna ª Assistenza sanitaria e Cooperazione Sociale a Bologna e p",http://www.coopcroceazzurra.it/,Bologna,40128,BO,EMR,0
638,"Cooperativa Sociale PICTOR",http://www.cooperativapictor.it/,,,,,0
639,"Prima pagina",http://www.educarecrescere.it,Bologna,40137,BO,EMR,0
640,"Benvenuto nella nostra casa di accoglienza",http://www.beataverginedellegrazie.it/,Bologna,40137,BO,EMR,0
641,Home,http://www.teatrodelpratello.it,Bologna,40122,BO,EMR,1
642,"Documento senza titolo",http://www.exaequo.bo.it/,Bologna,40126,BO,EMR,0
643,"Home | Cadiai",http://www.cadiai.it/,Bologna,40121,BO,EMR,0
644,"I Quattro Castelli | Cooperativa Sociale &#8211; Lavanderia Industriale",http://www.iquattrocastelli.it,Dozza,40060,BO,EMR,0
645,"Home Page ´ SAMMARTINI",http://www.cooperativasammartini.it/,Crevalcore,40014,BO,EMR,0
646,"Benvenuto su Faremondi | Faremondi",http://www.faremondi.it/,Bologna,40129,BO,EMR,0
647,"Cooperativa Sociale Alveare",http://www.cooperativasocialealveare.it,"Castel Maggiore",40013,BO,EMR,0
648,"Cooperativa Sociale Campeggio",http://WWW.COOPERATIVASOCIALEMONGHIDORO.COM,Monghidoro,40063,BO,EMR,0
649,FARLOTTINE,http://www.farlottine.it,Bologna,40141,BO,EMR,0
650,www.coopfanin.it/,http://www.coopfanin.it/,"San Giovanni in Persiceto",40017,BO,EMR,0
651,"it2 - SocietA Cooperativa Sociale it2",http://www.it2.it,"San Lazzaro di Savena",40068,BO,EMR,1
652,"Birrificio Artigianale Vecchia Orsa | Il retrogusto sociale della birra",http://www.fattoriabilita.it,"San Giovanni in Persiceto",40017,BO,EMR,0
653,"CafAA de la Paix",http://www.cafedelapaixbologna.it/,Bologna,40123,BO,EMR,0
654,"cooperativa sociale Giovani Rilegatori",http://www.giovanirilegatori.it/,Imola,40026,BO,EMR,0
655,"La Baracca - Teatro Testoni Ragazzi",http://www.testoniragazzi.it,Bologna,40129,BO,EMR,1
656,"Italiana Assistenza | Assistenza anziani a Bologna, infermieri e badanti",http://www.italianaassistenza.it/,Bologna,40137,BO,EMR,0
657,"Agenzia Badanti, Colf, Baby Sitter | Bologna, Roma, Imola | Casabase",http://www.casabase.info/,Bologna,40128,BO,EMR,0
658,"La Venenta | Associazione onlus laica ispirata ai valori del cristianesimo",http://www.venenta.com,Argelato,40050,BO,EMR,1
659,"Cooperativa sociale La CittA Verde - Home page",http://www.lacittaverde.coop/,Crevalcore,40014,BO,EMR,0
660,"Virtual Coop Cooperativa Sociale ONLUS",http://www.virtualcoop.net,Bologna,40129,BO,EMR,0
661,Volabo,http://www.volabo.it/,Bologna,40138,BO,EMR,4
662,"Libertas Assistenza",http://www.libertasassistenza.it/,"Zola Predosa",40069,BO,EMR,4
663,Home,http://www.montecatone.com/,,,,,4
664,"Cooperativa Sociale Zerocento Da 25 anni a Faenza e in tutta la provincia di Ravenna (ma non solo) i",http://www.zerocento.coop/,Faenza,48018,RA,EMR,0
665,"Cooperativa Sociale SocietA Dolce |",https://www.societadolce.it/,Bologna,40133,BO,EMR,0
666,"Open Group | Il sito internet di Open Group Cooperativa Sociale",http://www.opengroup.eu/,Bologna,40126,BO,EMR,1
667,L'AltroCaffË,http://www.laltrocaffe.it,Imola,40026,BO,EMR,0
668,"per Luca - cooperativa sociale",http://www.perluca.it/,Bologna,40131,BO,EMR,0
669,".:La Strada / Chi siamo:.",http://www.cooplastrada.it/siamo.html,Bologna,40129,BO,EMR,0
670,"Network Unit‡ Territoriali ACI",http://www.up.aci.it,,,,,0
671,SaYes,http://sayes.volabo.it,Bologna,40138,BO,EMR,0
672,Volabo,http://www.volabo.it,Bologna,40138,BO,EMR,4
673,"Croce Rossa Italiana - Comitato Provinciale di Bologna",http://www.cribo.it,,,,,0
674,"Pubblica Assistenza CittA di Bologna",http://www.pacb.it,Bologna,40138,BO,EMR,0
675,"Fidas ADVS Bologna",http://www.fidas-advs-bologna.org,,,,,0
676,Home,http://www.protezionecivile.bo.it,,,,,0
677,"Gruppo Yoda / campi di volontariato internazionale",http://www.gruppoyoda.org,Bologna,40122,BO,EMR,1
678,"Tutela animali bologna",http://www.tutelanimalibologna.it,Bologna,40123,BO,EMR,0
679,GVC,http://www.gvc-italia.org,Bologna,40136,BO,EMR,0
680,"BolognAIL Onlus",http://www.ailbologna.it,Bologna,40138,BO,EMR,0
681,"www.univocbologna.it | Il volontariato a Bologna",http://www.univocbologna.it,,,,,4
682,"Antoniano Bologna - Antoniano.it",http://www.antoniano.it,,,,,1
683,"Policlinico S.Orsola-Malpighi",http://www.aosp.bo.it,,,,,0
684,"Arci Bologna",http://www.arcibologna.it,Bologna,40131,BO,EMR,1-4
685,"BolognAltruista - Progetti di volontariato a Bologna - IO CI SONO",http://www.bolognaltruista.org,Bologna,40136,BO,EMR,0
