codice,"nome associazione",sito,comune,cap,provincia,regione,categoria
23,"Homepage &mdash; E-R Cultura",http://cultura.regione.emilia-romagna.it,Bologna,40127,BO,EMR
27,"Home - La Musica InternaLa Musica Interna | Promozione, Ricerca, Didattica musicale",http://www.lamusicainterna.it,Bologna,40126,BO,EMR
29,"Sito ufficiale della Provincia di Ravenna	",http://www.provincia.ra.it,Ravenna,48121,RA,EMR
31,"Home Page",http://www.corosantospirito.it/,Ferrara,44100,FE,EMR
32,"La homepage del CORO TRE PINI di Padova",http://www.corotrepini.it,Padova,35123,PD,EMR
36,"Aziende e servizi in Emilia-romagna",http://emilia-romagna.1254.it,Ferrara,44121,FE,EMR
38,"Provincia di Reggio Emilia",http://www.provincia.re.it,"Reggio Emilia",42121,RE,EMR
70,"CSI Bologna - Centro Sportivo Italiano Comitato Provinciale di Bologna",http://www.csibologna.it/,Bologna,40132,BO,EMR
71,"Homepage &mdash; E-R Il portale della Regione Emilia-Romagna",http://www.regione.emilia-romagna.it,Bologna,40127,BO,EMR
80,"Aziende e servizi Gambettola",http://gambettola.1254.it,Gambettola,56150,FC,EMR
81,"Homepage &mdash; E-R Istituto per i beni artistici culturali e naturali",http://ibc.regione.emilia-romagna.it,Bologna,40127,BO,EMR
90,Home,http://www.cvpuntamarina.com/,Ravenna,48122,RA,EMR
111,"ISTITUTO PER I BENI ARTISTICI, CULTURALI E NATURALI",http://rivista.ibc.regione.emilia-romagna.it,Bologna,40127,BO,EMR
112,"Homepage &mdash; E-R Scuola",http://scuola.regione.emilia-romagna.it,Bologna,40127,BO,EMR
114,Danzaurbana,http://www.danzaurbana.it,Bologna,40126,BO,EMR
115,"Regione Emilia-Romagna &mdash; E-R Sociale",http://sociale.regione.emilia-romagna.it,Bologna,40127,BO,EMR
125,Assonanza,http://www.assonanza.it,Mirandola,41037,MO,EMR
132,ATER,http://www.ater.emr.it,Modena,41124,MO,EMR
134,Home,http://www.divefun.it/,Dozza,40060,BO,EMR
276,"Informagiovani Ferrara | Home | informagiovani.fe.it",http://www.informagiovani.fe.it,Ferrara,44121,FE,EMR
351,"Associazione Nazionale Maestri di Ballo",http://www.anmb.net,Modena,41126,MO,EMR
395,"Teatro Necessario",http://www.teatronecessario.it/,Colorno,43052,PR,EMR
399,"Teatro Nucleo | Centro Produzione e ricerca teatrale",http://www.teatronucleo.org,Ferrara,44123,FE,EMR
501,"Flauto Magico - Index",http://www.flautomagico.it,Formigine,41043,MO,EMR
526,"Ferrara Musica: Le Ultime NovitA",http://www.ferraramusica.it/,Ferrara,44121,FE,EMR
543,"Emilia Romagna Teatro Fondazione - Modena",http://www.emiliaromagnateatro.com,Modena,41124,MO,EMR
544,"Comune di Rimini",http://www.comune.rimini.it,Rimini,47921,RN,EMR
546,"homepage &mdash; Rete Civica Monet",http://www.comune.modena.it,Modena,41121,MO,EMR
553,"l&#039;Ausilioteca di Bologna: chi siamo | ausilioteca",http://www.ausilioteca.org/,Bologna,40123,BO,EMR
560,"Agenzia Ambiente e Cultura di Bologna",http://agenzia.8m.com/,Monghidoro,40063,BO,EMR
565,"Dal 1972 nel Mondo per Vincere Fame e PovertA - Cefa Onlus",http://www.cefaonlus.it,Bologna,40122,BO,EMR
567,"Accaparlante e Centro Documentazione Handicap",http://www.accaparlante.it/,Bologna,40127,BO,EMR
570,"*** BENVENUTI IN ASSOCIAZIONE AIP ***",http://www.associazioneaip.org,Bologna,40121,BO,EMR
576,"AIAS Bologna Onlus",http://www.aiasbo.it/,Bologna,40139,BO,EMR
577,"Associazione Astrofili Imolesi",http://www.astrofiliimolesi.it/,Imola,40026,BO,EMR
578,"il martin pescatore - Home",http://www.ilmartinpescatore.org,Argelato,40050,BO,EMR
581,"EMI Editrice Missionaria Italiana, vendita libri online, ebook, libri religiosi, libri missionari, e",http://www.emi.it,Bologna,40128,BO,EMR
583,"Cooperativa Sociale SocietA Dolce |",http://www.societadolce.it/,Bologna,40133,BO,EMR
584,"AIFO - Oltre la lebbra, per i diritti degli ultimi. Dal 1961. - AIFO",http://www.aifo.it/,Bologna,40135,BO,EMR
585,"SOGNAMONDO - Vacanze naturali alternative con cucina biologica",http://www.sognamondo.it,"Casalecchio di Reno",40033,BO,EMR
586,"Cooperativa sociale AAncora",http://www.ancoraservizi.it,Bologna,40127,BO,EMR
587,"ASSOCIAZIONE NAZIONALE PUBBLICHE ASSISTENZE - Comitato Regionale Emilia-Romagna",http://www.anpasemiliaromagna.org/,Bologna,40131,BO,EMR
590,asat,http://www.casagianni.net/Casa_Gianni/ASAT.html,Bologna,40139,BO,EMR
591,"Cooperativa Quinto Angolo - Cooperativa Quinto angolo",http://cooperativaquintoangolo.jimdo.com/,Bologna,40124,BO,EMR
592,Home,http://energym.info/site/,Bologna,40138,BO,EMR
593,"Manutenzione e Gestione Verde Pubblico e Privato in Bologna e provincia",http://ilbaobab.com/,Bologna,40132,BO,EMR
594,"Global Aid | Working for better health",http://www.globalaid.it,"Granarolo dell'Emilia",40057,BO,EMR
597,"Home Page - Cim - Cooperativa di solidarietA sociale",http://www.cimcoop.it/,Bologna,40132,BO,EMR
598,"Cooperativa Sociale ‚AAIl Pellicano‚AA - Home page",http://www.coopilpellicano.org,Bologna,40138,BO,EMR
599,"Teatro dell&#039;Argine",http://teatrodellargine.org/,"San Lazzaro di Savena",40068,BO,EMR
600,".:coop LA STRADA:.",http://www.cooplastrada.it/,Bologna,40129,BO,EMR
601,"il Mosaico Cooperativa Sociale e Culturale",http://www.ilmosaicocooperativa.com/,Mordano,56512,BO,EMR
602,"SIC - Consorzio di Iniziative Sociali",http://www.consorziosic.it/,Bologna,40138,BO,EMR
603,"Abantu - Cooperativa sociale",http://www.coopabantu.it/,"Sasso Marconi",40037,BO,EMR
604,"Cooperativa Sociale Oasis",http://www.coopoasis.com/,Bologna,40121,BO,EMR
605,"Istituto Ramazzini - Centro di Ricerca Sul Cancro e le Malattie Ambientali",http://www.ramazzini.org/,Bologna,40138,BO,EMR
606,altercoop,http://www.altercoop.it/,Bologna,40138,BO,EMR
609,Home,http://www.scoiattolo.org/,"Sasso Marconi",40037,BO,EMR
610,"Cooperativa Sociale Anima",http://www.coopsocialeanima.it/,"Sala Bolognese",40010,BO,EMR
611,"Documento senza titolo",http://www.seacoop.coop,Imola,40026,BO,EMR
612,"In Formazione - organizzazione corsi, crescita personale, progetti formativi, cultura e benessere a ",http://www.in-formazione.org/,Medicina,40059,BO,EMR
613,"Sollievo - SocietA Cooperativa Sociale - Homepage",http://www.coopsollievo.it/,Bologna,40138,BO,EMR
614,"Cooperativa sociale AAncora",http://www.ancoraservizi.it/,Bologna,40127,BO,EMR
615,Home,http://www.coopada.it/,Bologna,40122,BO,EMR
616,Home,http://www.copaps.it/,"Sasso Marconi",40037,BO,EMR
617,Home,http://www.coopagriverde.it,"San Lazzaro di Savena",40068,BO,EMR
618,home,http://www.insiemeper.bo.it/,Bologna,40138,BO,EMR
619,"Croce Servizi - Cooperativa Sociale - Home",http://www.croceservizi.com/,"Casalecchio di Reno",40033,BO,EMR
620,"SocietA Aperta",http://www.societaaperta.info/,Bologna,40133,BO,EMR
621,"Inventatempo InventaTempo Coop. Sociale ONLUS di San Giovanni in Persiceto",http://www.inventatempo.it/,"San Giovanni in Persiceto",40017,BO,EMR
622,"Andy Cooper, Societ‡ Cooperativa Sociale",http://www.andycooper.it,Bologna,40137,BO,EMR
623,Croceverde,http://www.croceverdeer.com,Bologna,40138,BO,EMR
624,Home,http://www.arcoiriscoop.it/,"Pieve di Cento",40066,BO,EMR
625,"Solco Imola | Consorzio di cooperative sociali Imola",http://www.solcoimola.it/,Imola,40026,BO,EMR
626,"Csapsa | Centro Studi Analisi di Psicologia e Sociologia Applicate",http://www.csapsa.it/1/,Bologna,40126,BO,EMR
627,"Home Page - AssCoop",http://www.ass-coop.it,Bologna,40121,BO,EMR
629,"Home - Coopas",http://www.coopas.it/,"Sasso Marconi",40037,BO,EMR
630,Home,http://www.solcoinsieme.coop/,"Zola Predosa",40069,BO,EMR
631,"Centro di Riabilitazione AXIA",http://www.coopaxia.it/index.php,Bologna,40133,BO,EMR
632,"Inserisci qua un titolo in caso che la pagina non abbia un titolo",http://www.solidarietafamiliare.it/home_page.asp,Bologna,40123,BO,EMR
633,"COOPERATIVA DAI CROCICCHI",http://www.daicrocicchi.coop/,"Zola Predosa",40069,BO,EMR
635,".:: Teatro delle Temperie ::.",http://www.teatrodelletemperie.com/site/,Crespellano,40056,BO,EMR
636,Ecotronic,http://www.ecotronic.it,Castenaso,40055,BO,EMR
637,"Croce Azzurra Coop Sociale Onlus Bologna ª Assistenza sanitaria e Cooperazione Sociale a Bologna e p",http://www.coopcroceazzurra.it/,Bologna,40128,BO,EMR
639,"Prima pagina",http://www.educarecrescere.it,Bologna,40137,BO,EMR
640,"Benvenuto nella nostra casa di accoglienza",http://www.beataverginedellegrazie.it/,Bologna,40137,BO,EMR
641,Home,http://www.teatrodelpratello.it,Bologna,40122,BO,EMR
642,"Documento senza titolo",http://www.exaequo.bo.it/,Bologna,40126,BO,EMR
643,"Home | Cadiai",http://www.cadiai.it/,Bologna,40121,BO,EMR
644,"I Quattro Castelli | Cooperativa Sociale &#8211; Lavanderia Industriale",http://www.iquattrocastelli.it,Dozza,40060,BO,EMR
645,"Home Page ´ SAMMARTINI",http://www.cooperativasammartini.it/,Crevalcore,40014,BO,EMR
646,"Benvenuto su Faremondi | Faremondi",http://www.faremondi.it/,Bologna,40129,BO,EMR
647,"Cooperativa Sociale Alveare",http://www.cooperativasocialealveare.it,"Castel Maggiore",40013,BO,EMR
648,"Cooperativa Sociale Campeggio",http://WWW.COOPERATIVASOCIALEMONGHIDORO.COM,Monghidoro,40063,BO,EMR
649,FARLOTTINE,http://www.farlottine.it,Bologna,40141,BO,EMR
650,www.coopfanin.it/,http://www.coopfanin.it/,"San Giovanni in Persiceto",40017,BO,EMR
651,"it2 - SocietA Cooperativa Sociale it2",http://www.it2.it,"San Lazzaro di Savena",40068,BO,EMR
652,"Birrificio Artigianale Vecchia Orsa | Il retrogusto sociale della birra",http://www.fattoriabilita.it,"San Giovanni in Persiceto",40017,BO,EMR
653,"CafAA de la Paix",http://www.cafedelapaixbologna.it/,Bologna,40123,BO,EMR
654,"cooperativa sociale Giovani Rilegatori",http://www.giovanirilegatori.it/,Imola,40026,BO,EMR
655,"La Baracca - Teatro Testoni Ragazzi",http://www.testoniragazzi.it,Bologna,40129,BO,EMR
656,"Italiana Assistenza | Assistenza anziani a Bologna, infermieri e badanti",http://www.italianaassistenza.it/,Bologna,40137,BO,EMR
657,"Agenzia Badanti, Colf, Baby Sitter | Bologna, Roma, Imola | Casabase",http://www.casabase.info/,Bologna,40128,BO,EMR
658,"La Venenta | Associazione onlus laica ispirata ai valori del cristianesimo",http://www.venenta.com,Argelato,40050,BO,EMR
659,"Cooperativa sociale La CittA Verde - Home page",http://www.lacittaverde.coop/,Crevalcore,40014,BO,EMR
660,"Virtual Coop Cooperativa Sociale ONLUS",http://www.virtualcoop.net,Bologna,40129,BO,EMR
661,Volabo,http://www.volabo.it/,Bologna,40138,BO,EMR
662,"Libertas Assistenza",http://www.libertasassistenza.it/,"Zola Predosa",40069,BO,EMR
664,"Cooperativa Sociale Zerocento Da 25 anni a Faenza e in tutta la provincia di Ravenna (ma non solo) i",http://www.zerocento.coop/,Faenza,48018,RA,EMR
665,"Cooperativa Sociale SocietA Dolce |",https://www.societadolce.it/,Bologna,40133,BO,EMR
666,"Open Group | Il sito internet di Open Group Cooperativa Sociale",http://www.opengroup.eu/,Bologna,40126,BO,EMR
667,L'AltroCaffË,http://www.laltrocaffe.it,Imola,40026,BO,EMR
668,"per Luca - cooperativa sociale",http://www.perluca.it/,Bologna,40131,BO,EMR
669,".:La Strada / Chi siamo:.",http://www.cooplastrada.it/siamo.html,Bologna,40129,BO,EMR
671,SaYes,http://sayes.volabo.it,Bologna,40138,BO,EMR
672,Volabo,http://www.volabo.it,Bologna,40138,BO,EMR
674,"Pubblica Assistenza CittA di Bologna",http://www.pacb.it,Bologna,40138,BO,EMR
677,"Gruppo Yoda / campi di volontariato internazionale",http://www.gruppoyoda.org,Bologna,40122,BO,EMR
678,"Tutela animali bologna",http://www.tutelanimalibologna.it,Bologna,40123,BO,EMR
679,GVC,http://www.gvc-italia.org,Bologna,40136,BO,EMR
680,"BolognAIL Onlus",http://www.ailbologna.it,Bologna,40138,BO,EMR
684,"Arci Bologna",http://www.arcibologna.it,Bologna,40131,BO,EMR
685,"BolognAltruista - Progetti di volontariato a Bologna - IO CI SONO",http://www.bolognaltruista.org,Bologna,40136,BO,EMR
687,"Aprimondo Centro Poggeschi",http://aprimondo.centropoggeschi.org/,,,,
689,"Virgilio Bologna - Notizie, eventi, annunci in Virgilio",http://bologna.virgilio.it,Bologna,40139,BO,EMR
691,"Bakeca Italia: il sito di annunci gratuiti di lavoro, case, motori e comprovendo",http://italia.bakeca.it,,,,
692,"Fidas ADVS Bologna",http://www.fidas-advs-bologna.org,,,,
693,"Collegio dei Periti Industriali della Provincia di Bologna",http://www.perindbo.org,,,,
694,"Homepage &mdash; E-R Agenzia regionale di protezione civile",http://protezionecivile.regione.emilia-romagna.it,Bologna,40127,BO,EMR
695,"Associazione per i bambini colpiti da malattie del sistema nervoso centrale e/o tumori solidi - Bimb",http://www.bimbotu.it/,Bologna,40139,BO,EMR
696,"Africa e Mediterraneo",http://www.africaemediterraneo.it/,,,,
697,"Home Page | Save the Children Italia Onlus",http://www.savethechildren.it,Roma,185,RM,LAZ
698,"Flash Giovani - Il portale per i giovani a Bologna",http://www.flashgiovani.it,Bologna,40124,BO,EMR
699,"Piazza Grande | L&#039;Associazione fondata dalle persone senza dimora di Bologna",http://www.piazzagrande.it/,,,,
700,GVC,http://www.gvc-italia.org/index.php,,,,
701,"Agevolando- Associazione no-profit",http://www.agevolando.org/,Bologna,40139,BO,EMR
702,"Senza nome 1",http://www.poggisub.it,,,,
703,"Stella nostra.com",http://www.stellanostra.com/,,,,
704,"www.univocbologna.it | Il volontariato a Bologna",http://www.univocbologna.it,,,,
705,"Bologna Welcome - Sito turistico ufficiale",http://www.bolognawelcome.com,Bologna,40124,BO,EMR
706,"Polisportiva Paolo Poggi AICS",http://www.polisportivapaolopoggi.it,"San Lazzaro di Savena",40068,BO,EMR
707,"U.V.a. P.Ass.A. | Unione Volontari Al Pratello ASSociazione d&#039;Aiuto",http://www.uvapassa.org,Bologna,40138,BO,EMR
708,"Aiasport Onlus | AttivitA equestre per disabili",http://www.aiasport.it/,,,,
709,"AISM Bologna",http://www.aism.bo.it/,,,,
710,"La Venenta | Associazione onlus laica ispirata ai valori del cristianesimo",http://www.venenta.com/,Argelato,40050,BO,EMR
711,"Candidamente |",http://www.candidamente.org/,,,,
712,"Catalogo Imprese - ProntoImprese",http://www.prontoimprese.it,,,,
713,Home,http://www.protezionecivile.bo.it,,,,
714,"Associazione Protezione CivileVolontari Minerva - Home",http://www.volontariminerva.it,,,,
715,Xenia,http://www.xeniabo.org/,,,,
716,"Associazione di Promozione Sociale",http://www.al3teste.com/,Bentivoglio,40010,BO,EMR
717,"Protezione Civile - Friuli Venezia Giulia",http://www.protezionecivile.fvg.it,,,,
718,"Protezione Civile, Il Giornale della - Home",http://www.ilgiornaledellaprotezionecivile.it,"Villanova Biellese",13877,BI,PIE
719,"Antoniano Bologna - Antoniano.it",http://www.antoniano.it,,,,
720,"Home || YFC Italia",http://www.yfcitalia.org/,,,,
721,"La Nostra Africa - Homepage",http://www.lanostraafrica.it,,,,
722,"Associazione Centotrecento",http://www.centotrecento.it/,Bologna,40125,BO,EMR
723,www2.provincia.bologna.it,http://www2.provincia.bologna.it,,,,
724,"Policlinico S.Orsola-Malpighi",http://www.aosp.bo.it,,,,
725,"Associazione Margherita - Benvenuti",http://www.associazionemargherita.org/,Bologna,40123,BO,EMR
726,"Legambiente Bologna - Home",http://www.legambientebologna.org/,,,,
727,"www.noprofit.org - Il sito del no profit italiano",http://www.noprofit.org,,,,
728,"Associazione Verba Manent | Associazione di volontariato",http://www.associazioneverbamanent.it/,Bologna,40125,BO,EMR
729,"Il progetto Alice | Studi di Genere, Educazione e Ricerca",https://ilprogettoalice.wordpress.com/,Bologna,40122,BO,EMR
730,"Home - Centro Antartide - Centro Studi e Comunicazione Ambientale",http://www.centroantartide.it/,Bologna,40125,BO,EMR
733,isfbologna,https://isfbologna.wordpress.com/,,,,
734,"Fondazione Banco Alimentare | Contro lo spreco, Contro la Fame",http://www.bancoalimentare.it/index.php,,,,
735,"Psicologo Bologna",http://www.dedalusbologna.it/,,,,
736,"Bimbingamba - Associazione Alex Zanardi Bimbingamaba",http://www.bimbingamba.com/,Budrio,0,BO,EMR
737,Home,http://www.provincia.fc.it,ForlÏ,47121,FC,EMR
738,"Fondazione Dopo di Noi Bologna onlus",http://www.dopodinoi.org/,Bologna,40129,BO,EMR
739,"Associazione per i bambini colpiti da malattie del sistema nervoso centrale e/o tumori solidi - Bimb",http://www.bimbotu.it,Bologna,40139,BO,EMR
741,"Coordinamento Volontari Protezione Civile - Rimini",http://www.coorprociv.it,,,,
742,"Croce Rossa Italiana - Comitato Provinciale di Bologna",http://www.cribo.it,,,,
746,"Dipartimento Protezione Civile | Home",http://www.protezionecivile.gov.it,,,,
749,"Associazione Cucciolo",http://www.associazionecucciolo.it/,Bologna,40138,BO,EMR
750,"CafAA de la Paix",http://www.cafedelapaixbologna.it,Bologna,40123,BO,EMR
751,"Camera Penale di Bologna",http://www.camerapenale-bologna.org/,,,,
752,"Casa Santa Chiara | Casa Santa Chiara",http://www.casasantachiara.it/,Bologna,40123,BO,EMR
753,"Cassero LGBT Center",http://www.cassero.it/,Bologna,40121,BO,EMR
754,"Istituto dei Ciechi Francesco Cavazza",http://www.cavazza.it/,Bologna,40124,BO,EMR
755,"Associazione CCSVI nella Sclerosi Multipla Emilia Romagna Onlus",http://www.ccsvi-sm.info/,,,,
756,"Centro Amilcar Cabral",http://www.centrocabral.com/,Bologna,40136,BO,EMR
757,"Homepage | Centro San Domenico",http://www.centrosandomenico.it,Bologna,40124,BO,EMR
758,"CSD - Centro Studi G.Donati - Bologna - Homepage",http://www.centrostudidonati.org/csd.html,,,,
759,"CEPS Onlus - Centro Emiliano Problemi Sociali per la Trisomia 21 ª Associazione di genitori, amici e",http://www.ceps.it/,,,,
760,"Le religioni in Italia / Massimo Introvigne &#8211; PierLuigi Zoccatelli (sotto la direzione di)",http://www.cesnur.com,,,,
761,"Benvenuti su circolodozza.it",http://www.circolodozza.it,,,,
762,"Circolo Fotografico S. Viola Organizza Corsi di fotografia Digitale ed Analogica a Bologna..vieni a ",http://www.circolofotograficosviola.it,Bologna,40133,BO,EMR
763,"Circolo Tennis Bologna",http://www.circolotennisbologna.com/,Bologna,40136,BO,EMR
764,"clubsupermarathon.it - Club Super Marathon Italia - clubsupermarathon.it",http://www.clubsupermarathon.it,,,,
765,"Home Page ::FederAMrare:: Federazione di Associazioni Malattie Rare Emilia-Romagna",http://www.federamrare.altervista.org/,,,,
766,"Associazione Microimpresa | Per la crescita lo sviluppo e il superamento della crisi",http://www.microimpresa.org,Bologna,40100,BO,EMR
767,"sancristoforozzano.org home page",http://WWW.SANCRISTOFOROZZANO.ORG/,,,,
768,www.abcsociale.it,http://www.abcsociale.it,,,,
769,Micromacchina,http://www.micromacchina.it,,,,
770,"ACLI Emilia-Romagna - Home Page",http://www.acliemiliaromagna.it,Bologna,40122,BO,EMR
771,"Canto31 | Associazione Culturale",http://www.canto31.it,,,,
772,"Gruppo di Studi Savena Setta Sambro",http://www.savenasettasambro.com,,,,
773,MigrAzioni,http://www.migrazioni.eu/,,,,
774,index,http://www.caracult.it,,,,
775,"AS ACNEPOTI",http://www.acnepoti.it,,,,
776,www.mikrokosmos-cm.it,http://www.mikrokosmos-cm.it,,,,
777,"Pro Loco Molino Del Pallone - Alta Valle Del Reno",http://www.molinodelpallone.it,,,,
778,"Home†-†AcquadÍla Associazione Polisportiva Dilettantistica",http://www.acquadela.it,Bologna,10000,BO,EMR
780,"Circolo Scherma Imola",http://www.schermaimola.it,Imola,40026,BO,EMR
781,"Ass.Carnevalesca Re Fagiolo di Castella -",http://www.carnevaledidecima.it,,,,
782,"Schola Cantorum di Bazzano",http://www.scholacantorumbazzano.it,,,,
783,"Pro Loco Casalecchio Meridiana",http://www.casalecchioinsiemeproloco.org,,,,
784,Home,http://www.montecatone.com/,,,,
785,ÊAA„AA„AA„AA,http://www.acquaditerraterradiluna.com,,,,
786,"Monte Sole Bike Group",http://www.montesolebikegroup.it,,,,
787,"AGESCI - San Lazzaro la Mura 2",http://www.scoutlamura.it,,,,
789,"scuola Leonard Bernstein",http://WWW.SCUOLADIMUSICALEONARDBERNSTEIN.IT,,,,
790,"Agesci Zona di Bologna | ""Estote Parati""",http://www.agescibologna.it,,,,
791,"MARINE & FRESHWATER SCIENCE GROUP ASSOCIATION",http://www.msgassociation.org,,,,
792,"Documento senza titolo",http://www.agrsci.unibo.it/umi/,,,,
793,"08006 Arcieri Felsinei | Sito istituzionale della storica Compagnia Arcieri di Bologna",http://www.felsinei.com,,,,
794,filodarianna,http://www.filodarianna.net,,,,
795,"Associazione Musicale Dozzese",http://www.musicaindozza.it,Dozza,40060,BO,EMR
796,"Aiasport Onlus | AttivitA equestre per disabili",http://www.aiasport.it,,,,
797,"Selene centro studi | A Bologna, dal 1990 un centro per la formazione lo studio e la diffusione dell",http://www.selenecentrostudi.it,Bologna,40141,BO,EMR
798,Homepage,http://www.nextgenerationitaly.tk,,,,
799,"AICS Bologna",http://www.aicsbologna.it,,,,
800,"Home page",http://www.noinsiemeascherazad.it/,,,,
801,AICS,http://www.aicser.altervista.org,Bologna,40132,BO,EMR
802,"Senza Confini",http://www.senzaconfinitaly.com,,,,
803,"Non andremo mai in TV",http://www.nonandremomaintv.it,,,,
804,"Senza il Banco",http://www.senzailbanco.it,,,,
805,"Home page - Associazioni no Profit: il portale al servizio delle associazioni",http://www.nonprofit.viainternet.org,,,,
806,"aihip | ASSOCIAZIONE INTERNAZIONALE HAITI INTEGRITY PROJECT",http://www.aihip.org,Bologna,40126,BO,EMR
807,"Settima Diminuita",http://www.settimadiminuita.it,Bentivoglio,40010,BO,EMR
808,"Associazione Amici di Giana",http://www.amicidigiana.org,,,,
809,"Associazione Sportiva Dilettantistica Shakti",http://www.shakti-ballando.com,,,,
810,"Shape Associated",http://www.shape.bo.it,,,,
811,www.oftaunibologna.it,http://www.oftaunibologna.it,,,,
812,"SIEM Home Page",http://www.siem-online.it,,,,
813,"Home - Anatroccolo Rosa",http://www.anatroccolorosa.it,,,,
814,SimplyFood,http://www.simplyfood.it,,,,
815,"redirect...onlus harambee - calcinate",http://www.onlus-harambee.com,,,,
816,"Aned Bologna",http://www.anedbo.it,,,,
817,"Anffas di Bologna Onlus",http://www.anffasbo.info,,,,
818,"Coro CAT Gardeccia",http://www.catgardeccia.it,"San Giovanni in Persiceto",40017,BO,EMR
819,"ASSOCIAZIONE CENTRO EUROPA UNO - lo spazio per diverse esigenze.... lo spazio per le tue esigenze",http://www.centroeuropauno.it,,,,
820,"Polisportiva Antal Pallavicini | via Marco Emilio Lepido 194/10, Bologna",http://www.antalpallavicini.org,Bologna,40132,BO,EMR
821,"Centro ""Gian Paolo Dore""",http://www.centrogpdore.it,Bologna,40126,BO,EMR
822,"Associazione Animalista per il salvataggio degli Orsi della Luna dai lager della bile",http://www.orsicinesi.org,Bologna,40122,BO,EMR
823,"HOSTING| Tiscali | Hosting e Domini, registrazione e trasferimento",http://www.centromanfredini.it,,,,
824,"Ozzanese Calcio Web Site",http://www.ozzanesecalcio.com,,,,
825,www.centrosocialefuno.it,http://www.centrosocialefuno.it,,,,
826,"Associazione Antica come le montagne - Bologna",http://www.anticacomelemontagne.org,,,,
827,"Centro Sociale Zolino",http://www.centrosocialezolino.it,Imola,40026,BO,EMR
828,HOME,http://www.spartacusbologna.it,,,,
829,"Chiama il Senegal. Viaggi e Turismo Responsabile in Africa",http://www.chiamasenegal.it,,,,
830,"Associazione Culturale Panicarte",http://www.panicarte.com,Bologna,40133,BO,EMR
831,"Scuola di Danza Arabesque Bologna",http://www.arabesquebologna.it,,,,
832,"Chiesa Parrocchiale di San Giovanni Evangelista - Parrocchia di Zolino - IMOLA",http://www.parrocchiadizolino.it,,,,
833,SpazioIndue,http://www.spazioindue.org,,,,
834,Home,http://www.passopasso.it/,"Sasso Marconi",40037,BO,EMR
835,"Circolo della Musica di Bologna†|† dedicato ad Andrea e Rossano Baldi",http://www.circolodellamusica.it,,,,
836,"Cittadinanzattiva Emilia-Romagna | Sito gestito dall&#039;associazione Cittadinanza Responsabile",http://www.cittadinanzattiva-er.it,Bologna,40134,BO,EMR
837,"Spazio Labo&#039;",http://www.spaziolabo.it,,,,
838,"Focus D - Associazione di Promozione Sociale -",http://www.focusd.org,Imola,40026,BO,EMR
839,PercorsoVitale,http://www.percorsovitale.it,,,,
840,www.sportduemila.com,http://www.sportduemila.com,,,,
841,"Fogolar Bologna - Ultime Notizie dal Fogolar",http://www.fogolarbologna.it,Bologna,40125,BO,EMR
842,"Forma - Azione In Rete | Formazione, cultura e servizi per aziende, giovani, adulti e soggetti svant",http://www.forma-azioneinrete.it,,,,
843,"Studio SoundLab",http://www.studiosoundlab.com,,,,
844,"fourdoc | Associazione culturale e artistica per il sostegno e la diffusione delle arti cinematograf",http://www.fourdoc.it,,,,
845,"www.pgsima.it | polisportiva bologna",http://www.pgsima.it,Bologna,40128,BO,EMR
846,"Associazione ComunitA Sociale | ComunitA e Territorio",http://www.comunitasociale.it,Bologna,40131,BO,EMR
847,Diacronie,http://www.studistorici.com,,,,
848,"Arte e Salute ONLUS",http://www.arteesalute.org,Bologna,40123,BO,EMR
849,"Piccolo Formato - Fotografia a Bologna: Corsi, Workshop, Mostre, Eventi Piccolo Formato",http://www.piccoloformato.it,Bologna,40100,BO,EMR
850,"Arte & Portici - Iniziative istituzionali de ""Il Laboratorio""",http://www.arteportici.it,,,,
851,"Francesco Francia Pallacanestro - Zola Predosa - Home",http://www.francescofranciabasket.it,"Castelfranco Emilia",41013,MO,EMR
852,"C o n c o r d a n z e",http://www.concordanze.com,,,,
853,"Polisportiva ONDABLU",http://www.polisportivaondablu.it,,,,
854,"Associazione Succede solo a Bologna |",http://www.succedesoloabologna.it,Bologna,40125,BO,EMR
855,"ASCER - homepage",http://www.ascer.it,,,,
856,"HOSTING| Tiscali | Hosting e Domini, registrazione e trasferimento",http://www.tartufomania.it,,,,
857,"Polisportiva Zola",http://www.polisportivazola.it,"Zola Predosa",40069,BO,EMR
858,en_one_frame,http://www.teatrinoclandestino.org,,,,
859,"SocietA Ginnastica Persicetana | Insieme per lo sport &#8211; Palestra di vita",http://www.ginnasticapersicetana.com,,,,
860,"Cooperativa Sociale PICTOR",http://www.cooperativapictor.it/,,,,
861,"teatro dei 25, teatro, gli insetti teatrali, teatro dei 25, Bologna, teatrodei25, performing art, se",http://www.teatrodei25.jimdo.com,,,,
862,"Asilo in Europa",http://www.asiloineuropa.it,,,,
864,girorotondo,http://www.girorotondo.it,,,,
865,"Porretta Cinema | Festival del Cinema di Porretta Terme &#8212; Sito web Ufficiale",http://www.porrettacinema.com,,,,
866,"Associazione Coro Athena, Bologna",http://www.coroathena.it,,,,
867,"‡AA‡AA‡AA‡AA‡AA‡AA‡AA‡AA‡AA‡AA‡AA‡AA‡AA ‡AA‡AA‡AA‡AA‡AA‡AA‡AA‡AA ‡AA‡AA‡AA‡AA‡AA‡AA‡AA‡AA‡AA‡AA‡AA‡A",http://www.teatroguardassoni.com,,,,
868,"Telestreet - TV di strada",http://www.telestreet.it,,,,
869,"OPEN ASD - A.S.D. OPEN",http://www.asopen.it,,,,
870,"President Bologna: Associazione Sportiva Dilettantistica ""President Bologna""",http://www.presidentbologna.it,Bologna,40138,BO,EMR
871,"TEMENOS - Centro culturale Junghiano",http://www.temenosjunghiano.com,,,,
873,"Primola - Home Page",http://www.primola.it,,,,
874,"Girotondo online | Associazione didattico educativa",http://www.girotondo-online.com,,,,
875,"Associazione NEMA",http://www.associazione-nema.it,,,,
876,Home,http://www.progettosquola.it,,,,
877,"Cronache Internazionali | Notizie dal Mondo |",http://www.cronacheinternazionali.com,,,,
878,ÊAAÂAA„AAËAAÔAA„AA„AA„AA„AA„AA„AA„AA„AA„AAÁAAÔAA,http://www.gliannintasca.com,,,,
879,"Associazione ComunicAttive",http://www.associazionecomunicattive.org,,,,
880,www.gplongara.it,http://www.gplongara.it,,,,
881,"L&#039;aquila Signorina &#8211; Terzadecade | Mademoiselle rules: il racconto della Scienza in video",http://www.terzadecade.it,,,,
882,tossignano_index,http://www.tossignano.it,,,,
883,diversa/mente,http://www.associazionediversamente.org,Bologna,40138,BO,EMR
884,"Progresso Calcio - SCD PROGRESSO CALCIO",http://www.progressocalcio.it,"Castel Maggiore",40013,BO,EMR
885,"FLUX Associazione Culturale",http://www.associazioneflux.it,,,,
886,"Trama di terre",http://www.tramaditerre.org,,,,
887,PROLOCOBADI.IT,http://www.prolocobadi.it,,,,
888,"Proloco Budrio",http://WWW.PROLOCOBUDRIO.IT,,,,
889,www.prolocodicrevalcore.it,http://www.prolocodicrevalcore.it,,,,
890,"Gruppo Elettrogeno | Associazione di promozione sociale",http://www.gruppoelettrogeno.org,,,,
891,UmanaMente,http://www.associazioneumanamente.org,Bologna,40128,BO,EMR
892,Tuttinsieme,http://www.tuttinsieme.org,,,,
893,"Associazione Astrofili Imolesi",http://www.astrofiliimolesi.it,Imola,40026,BO,EMR
894,"Proloco - Medicina - BO",http://www.prolocomedicina.net,,,,
895,"Atti Sonori",http://www.attisonori.it,,,,
896,"ENDAS ENSEMBLE - SCUOLA DI DANZA CLASSICA CONTEMPORANEA HIP HOP JAZZ BOLOGNA - PRESENTAZIONE",http://www.danzaensemble.it,,,,
897,www.prolocomolinella.it,http://www.prolocomolinella.it,,,,
899,"Documentaristi Emilia Romagna",http://www.dder.org,Bologna,40141,BO,EMR
900,"Uisp - Unione Italiana Sport per Tutti - Comitato Provinciale di Bologna |† UISP Bologna",http://www.uispbologna.it,Bologna,40138,BO,EMR
901,"Proloco Villa D&#039;aiano",http://www.prolocovilladaiano.it,,,,
902,"Auser Imola | Volontariato, solidarietA e promozione sociale",http://www.auserimola.it,,,,
904,"Gruppo nazionale Nidi e Infanzia",http://www.grupponidiinfanzia.it,Bologna,40123,BO,EMR
905,"Associazione Promozione Sociale Deesi",http://www.deesi.org,,,,
906,"UniversitA Primo Levi",http://www.universitaprimolevi.it,,,,
907,"Delia Gennari Onlus, associazione bolognese",http://www.deliagennari.it/index.html,Bologna,40137,BO,EMR
908,"Gruppo Sportivo Riale Zola Predosa (BO)",http://www.gsriale.it,"Zola Predosa",40069,BO,EMR
909,"ASSOCIAZIONE TURISTICA PRO LOCO di RIOLA (BO)",http://www.proriola.com,,,,
910,www.unpassodopolaltro.com,http://www.unpassodopolaltro.com,,,,
911,Home,http://www.upcalderara.com,,,,
912,ÂAAËAA„AAËAAÁAA„AA„AAÊAAËAA„AA„AA„AA„AA„AA„AA„AA„AA„AA„AA„AA„AAÔAAÔAA,http://www.bolognabruxelles.com,,,,
913,"Psicologia Umanistica e delle Narrazioni",http://www.psicologiadellenarrazioni.it,Bologna,40122,BO,EMR
914,"Associazione Diapason Progetti Musicali | Musica !!!",http://www.diapason.bo.it,,,,
915,Redirect...,http://www.valgattara.it,,,,
916,www.dislessia.it,http://www.dislessia.it,,,,
917,"doors to baloon",http://www.doorstoballoon.it,,,,
918,"Associazione Culturale Via De Poeti",http://www.viadepoeti.it,,,,
919,"HOME - Benvenuti su villadallolio!",http://www.villadallolio.it,"Casalecchio di Reno",40033,BO,EMR
920,"Village Tennis Club - Associazione Sportiva",http://www.villagetennisclub.it,Molinella,40062,BO,EMR
921,www.vitenuove.org,http://www.vitenuove.org,,,,
923,"ideaFamiglia: AA un associazione di promozione sociale, senza fini di lucro, che realizza azioni e a",http://www.ideafamiglia.it,Bologna,40126,BO,EMR
924,"Radioimmaginaria - l&#8217;unica radio di adolescenti in Italia",http://www.radioimmaginaria.it,,,,
925,"Educazione&ScuolaAA by Dario Cillo - La Rivista telematica della Scuola e della Formazione",http://www.edscuola.it,,,,
926,"Sito Idea volley",http://www.ideavolley.it,,,,
927,"Educazione Permanente di Crevalcore",http://www.educazionepermanente.it,Crevalcore,40014,BO,EMR
928,"Volhand - Home Page",http://www.volhand.it/,Crespellano,40056,BO,EMR
929,www.vuotiarendere.it,http://www.vuotiarendere.it,,,,
930,"We Help You Onlus",http://www.wehelpyou.it/,,,,
931,"Buddhismo della Via di Diamante - Centri buddhisti di meditazione",http://www.buddhism.it,,,,
932,"ilpaddock.org - Le migliori risorse e informazioni sul tema: ilpaddock.",http://www.ilpaddock.org/Homepage.html,,,,
933,"08081 ASD Arcieri di Re Bertoldo | Sito istituzionale della Associazione Sportiva Dilettantistica Ar",http://www.rebertoldo.org,,,,
934,"WORLD DIVING BOLOGNA | La tua societA di subacquea",http://www.worlddiving.it,,,,
935,Xenia,http://www.xeniabo.org,,,,
936,"Centro di Danza del Maestro Buratto &#8211; scuola di danza a Zola Predosa",http://www.burattodanza.com,"Zola Predosa",40069,BO,EMR
937,"Biblioteca Vivente Bologna",http://www.bvbo.it,Bologna,40134,BO,EMR
938,"Eventi | xing.it",http://www.xing.it,Bologna,40123,BO,EMR
939,www.cai-imola.it,http://www.cai-imola.it,,,,
940,"Il Pozzo delle Idee",http://www.ilpozzodelleidee.it,Bologna,40141,BO,EMR
941,"ReMida Bologna_Terre d‚AAAcqua",http://www.remidabologna.it,"Calderara di Reno",40012,BO,EMR
942,Eks&tra,http://www.eksetra.net,,,,
943,"CAMP MITICO VILLA",http://www.campmiticovilla.com,,,,
944,"YouNet | Fostering European active citizenship and mobility",http://www.you-net.eu,Bologna,40129,BO,EMR
945,"CAMPUS ADRIANI",http://www.campusadriani.it,,,,
946,"Il sogno di Stefano",http://www.ilsognodistefano.it/,Padova,35128,PD,VEN
947,"Untitled Document",http://www.elenfant.com,,,,
948,"Fondazione Rocca dei Bentivoglio",http://www.roccadeibentivoglio.it,Bazzano,40053,BO,EMR
949,"Associazione Culturale Youkali (As-You)",http://www.youkali.it,,,,
950,"Associazione Culturale Youkali (As-You)",http://www.youkali.it/,,,,
951,"Proloco di Rocca di Roffeno",http://www.roccadiroffeno.it,,,,
952,"Istituto di Ematologia di Bologna - Introduzione",http://www.ematbo.unibo.it,Bologna,40138,BO,EMR
953,"Associazione il Temporale",http://www.iltemporale.it,,,,
954,www.zimmerfrei.co.it,http://www.zimmerfrei.co.it,,,,
955,"AIE Associazione Italiana Endometriosi",http://www.endoassoc.it,,,,
956,"Il Ventaglio di Orav",http://www.ilventagliodiorav.eu,,,,
957,"ENTE NAZIONALE DI PROMOZIONE SOCIALE",http://www.entenazionale.it,,,,
958,"Home - Eremo di Ronzano",http://www.eremodironzano.it,Bologna,40136,BO,EMR
959,"Imola Abbraccio Solidale ª L&#039;anima solidale della cittA di Imola	",http://www.imolabbracciosolidale.it/,,,,
960,"Benvenuto su Emilia Romagna Festival 2014 | Emilia Romagna Festival 2014",http://www.erfestival.org,Imola,40026,BO,EMR
961,"eSSerdanza ASD",http://www.esserdanzabologna.it,,,,
962,ImolaFolklore,http://www.imolafolklore.com,,,,
963,"GLI INCAUTI",http://www.incauti.org,,,,
964,"Etnografia del Pensiero dot Net | Il Network dell&#039;Etnografia del Pensiero",http://www.etnografiadelpensiero.net,,,,
965,"Documento senza titolo",http://www.exaequo.bo.it,,,,
966,Home,http://www.info-bo.it/,,,,
967,"Associazione Musicale Fabio da Bologna, Music Association Fabio da Bologna",http://www.fabiodabologna.it,Bologna,40125,BO,EMR
968,"Home - I.P. Iniziativa ParkinsonianiI.P. Iniziativa Parkinsoniani",http://www.iniziativaparkinsoniani.it/,,,,
969,"Home - FANEP ONLUS",http://www.fanep.org/,Bologna,40138,BO,EMR
970,"Home Page :: Website Name",http://www.insalute.info,Imola,40026,BO,EMR
971,"Fare Lavoro",http://www.farelavoro.it,,,,
972,"Istituto Graf",http://www.istitutograf.org,,,,
973,"Istituto Tincani - Bologna",http://www.istitutotincani.it,,,,
974,"Italia che Raglia - Ragliamo insieme!",http://www.italiacheraglia.com,,,,
975,www.italo-americana.org,http://www.italo-americana.org,,,,
976,"Kaleidoscope Factory Bologna - Showreel",http://www.kaleidoscopefactory.eu,,,,
978,www.lalunanelpozzo.org,http://www.lalunanelpozzo.org,,,,
979,"Presentazione di PowerPoint",http://www.larok.org,,,,
980,"Latino51 | Bologna &#8211; San Lazzaro di Savena",http://www.latino51.it,,,,
981,"Latino51 | Bologna &#8211; San Lazzaro di Savena",http://www.latino51.it/,,,,
982,www.lavallazza.it,http://www.lavallazza.it,,,,
983,www.lazzaretto.org,http://www.lazzaretto.org,,,,
984,"Documento senza titolo",http://www.LECASEDIDANIELE.ORG,,,,
985,"lega navale italiana sezione di bologna - corsi patente nautica",http://www.leganavale.bo.it,"San Lazzaro di Savena",40068,BO,EMR
986,"Le Querce di Mamre",http://www.lequercedi.it,"Casalecchio di Reno",40033,BO,EMR
987,index,http://www.levocidellaluna.it,"Sasso Marconi",40037,BO,EMR
988,www.liberomondo.org,http://www.liberomondo.org,,,,
989,"Link Associated - via Fantoni 21, Bologna - IT Link Associated",http://www.link.bo.it,Bologna,40126,BO,EMR
990,"Circolo Filatelico ""Guglielmo Marconi"" - 40044 Pontecchio Marconi (Bo) - Italy",http://www.marconifilatelico.it,,,,
991,www.mascellaro.info,http://www.mascellaro.info,,,,
992,"Movimento Cristiano Lavoratori Bologna",http://www.mclbologna.it,,,,
993,"CEDIM - CENTRO EMILIANO DI MEDIAZIONE FAMILIARE A BOLOGNA",http://www.mediazionefamiliare-cedim.it,Bologna,40123,BO,EMR
994,"CEDIM - CENTRO EMILIANO DI MEDIAZIONE FAMILIARE A BOLOGNA",http://www.mediazionefamiliare-cedim.it/,Bologna,40123,BO,EMR
995,"Medicivitas | Il Centro Sociale di Medicina",http://www.medicivitas.it,,,,
996,www.menovelocitapiuvita.com,http://www.menovelocitapiuvita.com,,,,
997,"Domain suspended",http://www.mercanzia.net,,,,
998,"Candidamente |",http://www.candidamente.org,,,,
1018,"Amare Vignola",http://amarevignola.wordpress.com,Vignola,,,
1019,Assisla,http://assisla.it/,Bologna,40139,BO,EMR
1020,"Associazione Alta Definizione",http://associazionealtadefinizione.it/,Bologna,,BO,EMR
1021,"L'Accademia Corale Reno",http://coralereno.altervista.org/,"Casalecchio di Reno",40033,BO,EMR
1022,"Associazione Culturale ERLUG",http://erlug.linux.it,Bologna,,BO,EMR
1023,"Il ventaglio di Orav",http://ilventagliodiorav.eu/,Bologna,40136,BO,EMR
1024,"Le chiavi di casa",http://lechiavidicasa.org/,"Granarolo dell'Emilia",40057,BO,EMR
1025,"Nei Dan Italia",http://neidanitalia.wordpress.com/,Bologna,40124,BO,EMR
1026,"Associazione Donatori Volontari di Sangue",http://nuke.fidas-advs-bologna.org,Bologna,40131,BO,EMR
1027,"Associazioni riunite",http://riunite.eu,Bologna,40131,BO,EMR
1030,"Acquablu Associazione",http://www.acquablu.altervista.org/,Bologna,,BO,EMR
1031,"Acquadela Associazione",http://www.acquadela.it/,Bologna,40134,BO,EMR
1032,"ADMO Emilia Romagna",http://www.admoemiliaromagna.it,Bologna,,BO,EMR
1033,"AGD Bologna",http://www.agd-bo.net/it/,"Sant'Agata Bolognese",40013,BO,EMR
1034,"Ageop Ricerca Onlus",http://www.ageop.org,Bologna,40138,BO,EMR
1035,"AICE Emilia Romagna Onlus",http://www.aice-epilessia.it,Bologna,40127,BO,EMR
1036,"AICS Bologna",http://www.aicsbologna.it/,Bologna,40127,BO,EMR
1037,"Associazione Italiana Dislessia",http://www.aiditalia.org,Bologna,40121,BO,EMR
1038,"AISM Bologna",http://www.aism.bo.it,Bologna,40128,BO,EMR
1039,"ALICE Bologna",http://www.alicebologna.it,Bologna,40129,BO,EMR
1040,AMACI,http://www.amaci.it,Bologna,40138,BO,EMR
1041,"Gli amici di Luca",http://www.amicidiluca.it,Bologna,40131,BO,EMR
1042,"Amici di Magu",http://www.amicidimagu.org,Bologna,40135,BO,EMR
1043,"AMRER Associazione Malati Reumatici",http://www.amrer.it,Bologna,40128,BO,EMR
1044,ANIEP,http://www.aniepnazionale.it/,Bologna,40124,BO,EMR
1045,"ANIMIL Bologna",http://www.anmil.it/,Bologna,,BO,EMR
1046,"Ant Casalecchio di Reno",http://www.ant.it,"Casalecchio di Reno",40033,BO,EMR
1047,"Associazione Nazionale Trapianti Rene",http://www.antr.it,Bologna,40138,BO,EMR
1048,"Associazione Arterego",http://www.arterego.org,Marzabotto,40043,BO,EMR
1049,"ASC Bologna",http://www.ascbologna.it/,Bologna,,BO,EMR
1060,"Bologna ASP",http://www.aspbologna.it/,Bologna,40126,BO,EMR
1061,"ASPHI Bologna",http://www.asphi.it/,Bologna,40126,BO,EMR
1062,Aliante,http://www.associazione-aliante.it/,Bologna,40127,BO,EMR
1063,"Associazione Io Ci Sono",http://www.associazioneiocisono.it/,Bologna,40136,BO,EMR
1064,"Associazione NovArt",http://www.associazionenovart.com,Rastignano,40067,BO,EMR
1065,"ATCOM Bologna",http://www.atcomonline.it,Bologna,40133,BO,EMR
1066,"AUSL Bologna",http://www.ausl.bologna.it,Bologna,40124,BO,EMR
1067,"Banco Arrigiano delle Arti e Mestieri",http://www.bancoartigiano.com/,Bologna,40123,BO,EMR
1068,CNR,http://www.bo.cnr.it/,Bologna,40129,BO,EMR
1069,"Club Bologna Autostoriche",http://www.bolognautostoriche.it/home.asp,Bologna,40133,BO,EMR
